geography_id,geography_type,locality_code,district_code,geography_name_he,geography_name_en,district_he,district_en,population_approx,source,is_active
DIST_CENTER,district,,CENTER,מחוז המרכז,Center District,מחוז המרכז,Center,,cbs_table49,true
DIST_HAIFA,district,,HAIFA,מחוז חיפה,Haifa District,מחוז חיפה,Haifa,,cbs_table49,true
DIST_JER,district,,JERUSALEM,מחוז ירושלים,Jerusalem District,מחוז ירושלים,Jerusalem,,cbs_table49,true
DIST_NORTH,district,,NORTH,מחוז הצפון,North District,מחוז הצפון,North,,cbs_table49,true
DIST_SOUTH,district,,SOUTH,מחוז הדרום,South District,מחוז הדרום,South,,cbs_table49,true
DIST_TA,district,,TEL_AVIV,מחוז תל אביב,Tel Aviv District,מחוז תל אביב,Tel Aviv,,cbs_table49,true
10,locality,10,,תירוש,TIROSH,ירושלים,Jerusalem,,data.gov.il,true
1015,locality,1015,,מבשרת ציון,MEVASSERET ZIYYON,ירושלים,Jerusalem,,data.gov.il,true
102,locality,102,,מאיר שפיה,ME'IR SHEFEYA,חיפה,Haifa,,data.gov.il,true
1020,locality,1020,,אור עקיבא,OR AQIVA,חיפה,Haifa,,data.gov.il,true
1024,locality,1024,,חרוצים,HARUZIM,המרכז,Center,,data.gov.il,true
103,locality,103,,תל עדשים,TEL ADASHIM,הצפון,North,,data.gov.il,true
1031,locality,1031,,שדרות,SEDEROT,הדרום,South,,data.gov.il,true
1034,locality,1034,,קרית מלאכי,QIRYAT MAL'AKHI,הדרום,South,,data.gov.il,true
104,locality,104,,מזרע,MIZRA,הצפון,North,,data.gov.il,true
1041,locality,1041,,נצאצרה (שבט),NASASRA,הדרום,South,,data.gov.il,true
1042,locality,1042,,אבו עמאר (שבט),ABU AMMAR,הדרום,South,,data.gov.il,true
1043,locality,1043,,גיזו,GIZO,ירושלים,Jerusalem,,data.gov.il,true
1044,locality,1044,,יעף,YE'AF,המרכז,Center,,data.gov.il,true
1045,locality,1045,,שתולה,SHETULA,הצפון,North,,data.gov.il,true
1046,locality,1046,,אוהד,OHAD,הדרום,South,,data.gov.il,true
1047,locality,1047,,חזון,HAZON,הצפון,North,,data.gov.il,true
1050,locality,1050,,בית חשמונאי,BET HASHMONAY,המרכז,Center,,data.gov.il,true
1051,locality,1051,,תלמי אליהו,TALME ELIYYAHU,הדרום,South,,data.gov.il,true
1052,locality,1052,,קטורה,QETURA,הדרום,South,,data.gov.il,true
1053,locality,1053,,עין חצבה,EN HAZEVA,הדרום,South,,data.gov.il,true
1054,locality,1054,,תל שבע,TEL SHEVA,הדרום,South,,data.gov.il,true
1056,locality,1056,,עין כרם-ביס חקלאי,EN KAREM-B.S.HAQLA'I,ירושלים,Jerusalem,,data.gov.il,true
1057,locality,1057,,נווה זוהר,NEWE ZOHAR,הדרום,South,,data.gov.il,true
1058,locality,1058,,שדה ניצן,SEDE NIZZAN,הדרום,South,,data.gov.il,true
1059,locality,1059,,כסיפה,KUSEIFE,הדרום,South,,data.gov.il,true
106,locality,106,,כפר גדעון,KEFAR GID'ON,הצפון,North,,data.gov.il,true
1060,locality,1060,,לקיה,LAQYE,הדרום,South,,data.gov.il,true
1061,locality,1061,,נוף הגליל,NOF HAGALIL,הצפון,North,,data.gov.il,true
1063,locality,1063,,מעלות-תרשיחא,MA'ALOT-TARSHIHA,הצפון,North,,data.gov.il,true
1064,locality,1064,,אמירים,AMIRIM,הצפון,North,,data.gov.il,true
1065,locality,1065,,זמרת,ZIMRAT,הדרום,South,,data.gov.il,true
1066,locality,1066,,בני עיש,BENE AYISH,המרכז,Center,,data.gov.il,true
1067,locality,1067,,דובב,DOVEV,הצפון,North,,data.gov.il,true
1068,locality,1068,,אדמית,ADAMIT,הצפון,North,,data.gov.il,true
1069,locality,1069,,רם-און,RAM-ON,הצפון,North,,data.gov.il,true
107,locality,107,,כפר סילבר,KEFAR SILVER,הדרום,South,,data.gov.il,true
1070,locality,1070,,אביעזר,AVI'EZER,ירושלים,Jerusalem,,data.gov.il,true
1071,locality,1071,,נווה מיכאל,NEWE MIKHA'EL,ירושלים,Jerusalem,,data.gov.il,true
1072,locality,1072,,גן הדרום,GAN HADAROM,המרכז,Center,,data.gov.il,true
1076,locality,1076,,בית ברל,BET BERL,המרכז,Center,,data.gov.il,true
1077,locality,1077,,גבעת שפירא,GIV'AT SHAPPIRA,המרכז,Center,,data.gov.il,true
1079,locality,1079,,צפרירים,ZAFRIRIM,ירושלים,Jerusalem,,data.gov.il,true
1080,locality,1080,,מבועים,MABBU'IM,הדרום,South,,data.gov.il,true
1081,locality,1081,,אבן מנחם,EVEN MENAHEM,הצפון,North,,data.gov.il,true
1082,locality,1082,,מעגלים,MA'GALIM,הדרום,South,,data.gov.il,true
1083,locality,1083,,תושיה,TUSHIYYA,הדרום,South,,data.gov.il,true
1084,locality,1084,,בן שמן (כפר נוער),BEN SHEMEN(K.NO'AR),המרכז,Center,,data.gov.il,true
1085,locality,1085,,כרם שלום,KEREM SHALOM,הדרום,South,,data.gov.il,true
1094,locality,1094,,כרם ביבנה (ישיבה),KEREM BEYAVNE,המרכז,Center,,data.gov.il,true
1095,locality,1095,,כפר מימון,KEFAR MAYMON,הדרום,South,,data.gov.il,true
1098,locality,1098,,מרכז שפירא,MERKAZ SHAPPIRA,הדרום,South,,data.gov.il,true
11,locality,11,,ניר חן,NIR HEN,הדרום,South,,data.gov.il,true
1102,locality,1102,,צוקי ים,,המרכז,Center,,data.gov.il,true
1103,locality,1103,,גני הדר,GANNE HADAR,המרכז,Center,,data.gov.il,true
1104,locality,1104,,פוריה - כפר עבודה,PORIYYA-KEFAR AVODA,הצפון,North,,data.gov.il,true
1105,locality,1105,,פוריה - נווה עובד,PORIYYA-NEWE OVED,הצפון,North,,data.gov.il,true
1108,locality,1108,,אומן,OMEN,הצפון,North,,data.gov.il,true
1110,locality,1110,,חבר,HEVER,הצפון,North,,data.gov.il,true
1111,locality,1111,,צופיה,ZOFIYYA,המרכז,Center,,data.gov.il,true
1112,locality,1112,,יודפת,YODEFAT,הצפון,North,,data.gov.il,true
1113,locality,1113,,צור הדסה,ZUR HADASSA,ירושלים,Jerusalem,,data.gov.il,true
1114,locality,1114,,שריגים (לי-און),LI-ON,ירושלים,Jerusalem,,data.gov.il,true
1115,locality,1115,,אביבים,AVIVIM,הצפון,North,,data.gov.il,true
1117,locality,1117,,יעל,YA'EL,הצפון,North,,data.gov.il,true
112,locality,112,,כפר חסידים א',KEFAR HASIDIM ALEF,חיפה,Haifa,,data.gov.il,true
1123,locality,1123,,אדרת,ADDERET,ירושלים,Jerusalem,,data.gov.il,true
1124,locality,1124,,נאות הכיכר,NE'OT HAKIKKAR,הדרום,South,,data.gov.il,true
1125,locality,1125,,אלמגור,ALMAGOR,הצפון,North,,data.gov.il,true
1126,locality,1126,,אילות,ELOT,הדרום,South,,data.gov.il,true
1127,locality,1127,,מעלה גלבוע,MA'ALE GILBOA,הצפון,North,,data.gov.il,true
1128,locality,1128,,מי עמי,ME AMMI,חיפה,Haifa,,data.gov.il,true
1129,locality,1129,,גרופית,GEROFIT,הדרום,South,,data.gov.il,true
113,locality,113,,אדירים,ADDIRIM,הצפון,North,,data.gov.il,true
1130,locality,1130,,כפר רוזנואלד (זרעית),KEFAR ROZENWALD(ZAR.,הצפון,North,,data.gov.il,true
1132,locality,1132,,שניר,SENIR,הצפון,North,,data.gov.il,true
1133,locality,1133,,ורדון,WARDON,הדרום,South,,data.gov.il,true
1134,locality,1134,,יד השמונה,YAD HASHEMONA,ירושלים,Jerusalem,,data.gov.il,true
1136,locality,1136,,צוחר,ZOHAR,הדרום,South,,data.gov.il,true
1137,locality,1137,,קרית יערים,QIRYAT YE'ARIM,ירושלים,Jerusalem,,data.gov.il,true
1138,locality,1138,,יעד,YA'AD,הצפון,North,,data.gov.il,true
1139,locality,1139,,כרמיאל,KARMI'EL,הצפון,North,,data.gov.il,true
1140,locality,1140,,מדרשת בן גוריון,MIDRESHET BEN GURION,הדרום,South,,data.gov.il,true
1141,locality,1141,,מבוא מודיעים,MEVO MODI'IM,המרכז,Center,,data.gov.il,true
1143,locality,1143,,נס עמים,NES AMMIM,הצפון,North,,data.gov.il,true
1144,locality,1144,,ידידה,YEDIDA,ירושלים,Jerusalem,,data.gov.il,true
1145,locality,1145,,אלומה,ALUMMA,הדרום,South,,data.gov.il,true
1146,locality,1146,,עלומים,ALUMIM,הדרום,South,,data.gov.il,true
1147,locality,1147,,נטועה,NETU'A,הצפון,North,,data.gov.il,true
1148,locality,1148,,צור נתן,ZUR NATAN,המרכז,Center,,data.gov.il,true
1149,locality,1149,,עזר,EZER,הדרום,South,,data.gov.il,true
115,locality,115,,חופית,HOFIT,המרכז,Center,,data.gov.il,true
1150,locality,1150,,צופר,ZOFAR,הדרום,South,,data.gov.il,true
1151,locality,1151,,פארן,PARAN,הדרום,South,,data.gov.il,true
1152,locality,1152,,אשלים,ASHALIM,הדרום,South,,data.gov.il,true
1153,locality,1153,,כישור,KISHOR,הצפון,North,,data.gov.il,true
1154,locality,1154,,מיטל,METAL,הצפון,North,,data.gov.il,true
1155,locality,1155,,מגן שאול,MAGEN SHA'UL,הצפון,North,,data.gov.il,true
1156,locality,1156,,סמר,SAMAR,הדרום,South,,data.gov.il,true
1157,locality,1157,,אחווה,AHAWA,הדרום,South,,data.gov.il,true
1158,locality,1158,,יהל,YAHEL,הדרום,South,,data.gov.il,true
1160,locality,1160,,שכניה,SHEKHANYA,הצפון,North,,data.gov.il,true
1161,locality,1161,,רהט,RAHAT,הדרום,South,,data.gov.il,true
1162,locality,1162,,בית רימון,BET RIMMON,הצפון,North,,data.gov.il,true
1163,locality,1163,,מורן,MORAN,הצפון,North,,data.gov.il,true
1165,locality,1165,,שילת,SHILAT,המרכז,Center,,data.gov.il,true
1166,locality,1166,,כפר רות,KEFAR RUT,המרכז,Center,,data.gov.il,true
1167,locality,1167,,קיסריה,QESARIYYA,חיפה,Haifa,,data.gov.il,true
1169,locality,1169,,הוואשלה (שבט),HAWASHLA,הדרום,South,,data.gov.il,true
1170,locality,1170,,סייד (שבט),SAYYID,הדרום,South,,data.gov.il,true
1171,locality,1171,,לוטם,LOTEM,הצפון,North,,data.gov.il,true
1172,locality,1172,,תובל,TUVAL,הצפון,North,,data.gov.il,true
1173,locality,1173,,לפידות,LAPPIDOT,הצפון,North,,data.gov.il,true
1174,locality,1174,,מנוף,MANOF,הצפון,North,,data.gov.il,true
1175,locality,1175,,עידן,IDDAN,הדרום,South,,data.gov.il,true
1176,locality,1176,,ספיר,SAPPIR,הדרום,South,,data.gov.il,true
1177,locality,1177,,טללים,TELALIM,הדרום,South,,data.gov.il,true
1178,locality,1178,,מורשת,MORESHET,הצפון,North,,data.gov.il,true
1179,locality,1179,,קורנית,QORANIT,הצפון,North,,data.gov.il,true
1180,locality,1180,,צביה,ZVIYYA,הצפון,North,,data.gov.il,true
1181,locality,1181,,טל-אל,TAL-EL,הצפון,North,,data.gov.il,true
1182,locality,1182,,אלון הגליל,ALLON HAGALIL,הצפון,North,,data.gov.il,true
1183,locality,1183,,כליל,KELIL,הצפון,North,,data.gov.il,true
1184,locality,1184,,מתת,MATTAT,הצפון,North,,data.gov.il,true
1185,locality,1185,,פלך,PELEKH,הצפון,North,,data.gov.il,true
1186,locality,1186,,הושעיה,HOSHA'AYA,הצפון,North,,data.gov.il,true
1187,locality,1187,,עיר אובות,IR OVOT,הדרום,South,,data.gov.il,true
1188,locality,1188,,אשחר,ESHHAR,הצפון,North,,data.gov.il,true
1190,locality,1190,,מצפה נטופה,MIZPE NETOFA,הצפון,North,,data.gov.il,true
1191,locality,1191,,בר יוחאי,BAR YOHAY,הצפון,North,,data.gov.il,true
1192,locality,1192,,ערערה-בנגב,AR'ARA-BANEGEV,הדרום,South,,data.gov.il,true
1195,locality,1195,,ניצנה (קהילת חינוך),NIZZANA (QEHILAT HIN,הדרום,South,,data.gov.il,true
1196,locality,1196,,מחנה יתיר,MAHANE YATTIR,הדרום,South,,data.gov.il,true
1197,locality,1197,,נאות סמדר,SHIZZAFON,הדרום,South,,data.gov.il,true
1198,locality,1198,,כרמים,KERAMIM,הדרום,South,,data.gov.il,true
1199,locality,1199,,עדי,ADI,הצפון,North,,data.gov.il,true
1200,locality,1200,,מודיעין-מכבים-רעות,MODI'IN-MAKKABBIM-RE,המרכז,Center,,data.gov.il,true
1201,locality,1201,,כמון,KAMMON,הצפון,North,,data.gov.il,true
1202,locality,1202,,מכמנים,MIKHMANNIM,הצפון,North,,data.gov.il,true
1203,locality,1203,,הררית,HARARIT,הצפון,North,,data.gov.il,true
1204,locality,1204,,גילון,GILON,הצפון,North,,data.gov.il,true
1205,locality,1205,,מנות,MANOT,הצפון,North,,data.gov.il,true
1206,locality,1206,,גיתה,GITTA,הצפון,North,,data.gov.il,true
1207,locality,1207,,לבון,LAVON,הצפון,North,,data.gov.il,true
1208,locality,1208,,הילה,HILLA,הצפון,North,,data.gov.il,true
1209,locality,1209,,חרשים,HARASHIM,הצפון,North,,data.gov.il,true
1210,locality,1210,,כחל,KAHAL,הצפון,North,,data.gov.il,true
1211,locality,1211,,קדרים,QADDARIM,הצפון,North,,data.gov.il,true
1212,locality,1212,,עמוקה,AMUQQA,הצפון,North,,data.gov.il,true
1213,locality,1213,,צבעון,ZIV'ON,הצפון,North,,data.gov.il,true
1214,locality,1214,,טפחות,TEFAHOT,הצפון,North,,data.gov.il,true
1219,locality,1219,,גורנות הגליל,GORNOT HAGALIL,הצפון,North,,data.gov.il,true
122,locality,122,,רמת ישי,RAMAT YISHAY,הצפון,North,,data.gov.il,true
1220,locality,1220,,אבירים,ABBIRIM,הצפון,North,,data.gov.il,true
1221,locality,1221,,צורית,ZURIT,הצפון,North,,data.gov.il,true
1222,locality,1222,,מצפה אביב,MIZPE AVIV,הצפון,North,,data.gov.il,true
1223,locality,1223,,שדי אברהם,SEDE AVRAHAM,הדרום,South,,data.gov.il,true
1224,locality,1224,,כוכב יאיר-צור יגאל,KOCHAV YAIR TSUR YI,המרכז,Center,,data.gov.il,true
1225,locality,1225,,רביד,RAVID,הצפון,North,,data.gov.il,true
1226,locality,1226,,יובלים,YUVALIM,הצפון,North,,data.gov.il,true
1227,locality,1227,,יתד,YATED,הדרום,South,,data.gov.il,true
1228,locality,1228,,רקפת,RAQEFET,הצפון,North,,data.gov.il,true
1229,locality,1229,,כלנית,KALLANIT,הצפון,North,,data.gov.il,true
1230,locality,1230,,לבנים,LIVNIM,הצפון,North,,data.gov.il,true
1231,locality,1231,,פרי גן,PERI GAN,הדרום,South,,data.gov.il,true
1232,locality,1232,,יבול,YEVUL,הדרום,South,,data.gov.il,true
1233,locality,1233,,שקף,SHEQEF,הדרום,South,,data.gov.il,true
1234,locality,1234,,קבועה (שבט),QABBO'A,הדרום,South,,data.gov.il,true
1235,locality,1235,,שורשים,SHORASHIM,הצפון,North,,data.gov.il,true
1236,locality,1236,,נירית,NIRIT,המרכז,Center,,data.gov.il,true
1237,locality,1237,,תלמי יוסף,TALME YOSEF,הדרום,South,,data.gov.il,true
1238,locality,1238,,סופה,SUFA,הדרום,South,,data.gov.il,true
1239,locality,1239,,חולית,HOLIT,הדרום,South,,data.gov.il,true
1240,locality,1240,,עין הבשור,EN HABESOR,הדרום,South,,data.gov.il,true
1241,locality,1241,,דקל,DEQEL,הדרום,South,,data.gov.il,true
1242,locality,1242,,נתיב העשרה,NETIV HAASARA,הדרום,South,,data.gov.il,true
1243,locality,1243,,קציר,QAZIR,חיפה,Haifa,,data.gov.il,true
1244,locality,1244,,תמרת,TIMRAT,הצפון,North,,data.gov.il,true
1245,locality,1245,,סלמה,SALLAMA,הצפון,North,,data.gov.il,true
1246,locality,1246,,עראמשה,ARAMSHA,הצפון,North,,data.gov.il,true
1247,locality,1247,,חריש,HARISH,חיפה,Haifa,,data.gov.il,true
1248,locality,1248,,אליפז,ELIFAZ,הדרום,South,,data.gov.il,true
1249,locality,1249,,הרדוף,HARDUF,הצפון,North,,data.gov.il,true
1251,locality,1251,,עין תמר,EN TAMAR,הדרום,South,,data.gov.il,true
1252,locality,1252,,כורזים,KORAZIM,הצפון,North,,data.gov.il,true
1253,locality,1253,,אמנון,AMNUN,הצפון,North,,data.gov.il,true
1254,locality,1254,,נטף,NATAF,ירושלים,Jerusalem,,data.gov.il,true
1255,locality,1255,,לוטן,LOTAN,הדרום,South,,data.gov.il,true
1256,locality,1256,,אשרת,ASHERAT,הצפון,North,,data.gov.il,true
1257,locality,1257,,חנתון,HANNATON,הצפון,North,,data.gov.il,true
1258,locality,1258,,מסד,MASSAD,הצפון,North,,data.gov.il,true
1259,locality,1259,,נווה שלום,NEWE SHALOM,ירושלים,Jerusalem,,data.gov.il,true
126,locality,126,,שריד,SARID,הצפון,North,,data.gov.il,true
1260,locality,1260,,רתמים,RETAMIM,הדרום,South,,data.gov.il,true
1261,locality,1261,,הר עמשא,HAR AMASA,הדרום,South,,data.gov.il,true
1262,locality,1262,,צוקים,MAHANE BILDAD,הדרום,South,,data.gov.il,true
1263,locality,1263,,כפר ורדים,KEFAR WERADIM,הצפון,North,,data.gov.il,true
1264,locality,1264,,כרמי יוסף,KARME YOSEF,המרכז,Center,,data.gov.il,true
1265,locality,1265,,שומריה,SHOMERIYYA,הדרום,South,,data.gov.il,true
1266,locality,1266,,שחרות,SHAHARUT,הדרום,South,,data.gov.il,true
1267,locality,1267,,שיטים,NAHAL SHITTIM,הדרום,South,,data.gov.il,true
1268,locality,1268,,מיתר,METAR,הדרום,South,,data.gov.il,true
127,locality,127,,רמת רחל,RAMAT RAHEL,ירושלים,Jerusalem,,data.gov.il,true
1271,locality,1271,,להבים,LEHAVIM,הדרום,South,,data.gov.il,true
1272,locality,1272,,חלוץ,HALUZ,הצפון,North,,data.gov.il,true
1274,locality,1274,,גן נר,GAN NER,הצפון,North,,data.gov.il,true
1275,locality,1275,,אבטליון,AVTALYON,הצפון,North,,data.gov.il,true
1276,locality,1276,,אשבל,NAHAL ESHBAL,הצפון,North,,data.gov.il,true
1278,locality,1278,,באר מילכה,BE'ER MILKA,הדרום,South,,data.gov.il,true
1279,locality,1279,,נווה חריף,NEWE HARIF,הדרום,South,,data.gov.il,true
128,locality,128,,גת רימון,GAT RIMMON,המרכז,Center,,data.gov.il,true
1280,locality,1280,,ניצני סיני,NIZZANE SINAY,הדרום,South,,data.gov.il,true
1282,locality,1282,,מירב,MERAV,הצפון,North,,data.gov.il,true
1283,locality,1283,,תל תאומים,TEL TE'OMIM,הצפון,North,,data.gov.il,true
1284,locality,1284,,נופית,NOFIT,חיפה,Haifa,,data.gov.il,true
1285,locality,1285,,כרכום,KARKOM,הצפון,North,,data.gov.il,true
1286,locality,1286,,שגב-שלום,SEGEV-SHALOM,הדרום,South,,data.gov.il,true
1287,locality,1287,,שני,SHANI,הדרום,South,,data.gov.il,true
1288,locality,1288,,גבעת אלה,GIV'AT ELA,הצפון,North,,data.gov.il,true
1290,locality,1290,,זמר,ZEMER,המרכז,Center,,data.gov.il,true
1291,locality,1291,,כמהין,KEMEHIN,הדרום,South,,data.gov.il,true
1292,locality,1292,,ג'דיידה-מכר,JUDEIDE-MAKER,הצפון,North,,data.gov.il,true
1293,locality,1293,,גבעת אבני,GIV'AT AVNI,הצפון,North,,data.gov.il,true
1294,locality,1294,,אור הגנוז,OR HAGANUZ,הצפון,North,,data.gov.il,true
1295,locality,1295,,יאנוח-ג'ת,YANUH-JAT,הצפון,North,,data.gov.il,true
1296,locality,1296,,כסרא-סמיע,KISRA-SUMEI,הצפון,North,,data.gov.il,true
1297,locality,1297,,כפר חנניה,KEFAR HANANYA,הצפון,North,,data.gov.il,true
1298,locality,1298,,אתגר,ETGAR,הצפון,North,,data.gov.il,true
13,locality,13,,חצבה,HAZEVA,הדרום,South,,data.gov.il,true
130,locality,130,,משמר העמק,MISHMAR HAEMEQ,הצפון,North,,data.gov.il,true
1303,locality,1303,,חורה,HURA,הדרום,South,,data.gov.il,true
1304,locality,1304,,שוהם,SHOHAM,המרכז,Center,,data.gov.il,true
1309,locality,1309,,אלעד,EL'AD,המרכז,Center,,data.gov.il,true
1310,locality,1310,,לפיד,LAPPID,המרכז,Center,,data.gov.il,true
1311,locality,1311,,אבשלום,AVSHALOM,הדרום,South,,data.gov.il,true
1313,locality,1313,,פוריה עילית,PORIYYA ILLIT,הצפון,North,,data.gov.il,true
1314,locality,1314,,נווה זיו,NEWE ZIV,הצפון,North,,data.gov.il,true
1315,locality,1315,,מתן,MATTAN,המרכז,Center,,data.gov.il,true
1316,locality,1316,,אל-עריאן,AL-ARYAN,חיפה,Haifa,,data.gov.il,true
1317,locality,1317,,דמיידה,DEMEIDE,הצפון,North,,data.gov.il,true
1318,locality,1318,,מבואות ים,MEVO'OT YAM,המרכז,Center,,data.gov.il,true
1319,locality,1319,,בת חפר,BAT HEFER,המרכז,Center,,data.gov.il,true
132,locality,132,,כפר ברוך,KEFAR BARUKH,הצפון,North,,data.gov.il,true
1320,locality,1320,,עין חוד,EIN HOD,חיפה,Haifa,,data.gov.il,true
1321,locality,1321,,ח'ואלד,KHAWALED,חיפה,Haifa,,data.gov.il,true
1322,locality,1322,,הודיות,HODAYOT,הצפון,North,,data.gov.il,true
1323,locality,1323,,בת הדר,BAT HADAR,הדרום,South,,data.gov.il,true
1324,locality,1324,,ארסוף,ARSUF,המרכז,Center,,data.gov.il,true
1325,locality,1325,,כפר זוהרים,KEFAR ZOHARIM,ירושלים,Jerusalem,,data.gov.il,true
1326,locality,1326,,בסמה,BASMA,חיפה,Haifa,,data.gov.il,true
1327,locality,1327,,מעלה עירון,MA'ALE IRON,חיפה,Haifa,,data.gov.il,true
133,locality,133,,גבת,GEVAT,הצפון,North,,data.gov.il,true
1330,locality,1330,,אחוזת ברק,AHUZZAT BARAQ,הצפון,North,,data.gov.il,true
1331,locality,1331,,כמאנה,,הצפון,North,,data.gov.il,true
1332,locality,1332,,חוסנייה,HUSSNIYYA,הצפון,North,,data.gov.il,true
1333,locality,1333,,נוף איילון,NOF AYYALON,המרכז,Center,,data.gov.il,true
1334,locality,1334,,ראס אל-עין,RAS AL-EIN,הצפון,North,,data.gov.il,true
1335,locality,1335,,ערב אל נעים,ARRAB AL NAIM,הצפון,North,,data.gov.il,true
1336,locality,1336,,אירוס,IRUS,המרכז,Center,,data.gov.il,true
1337,locality,1337,,שמשית,SHIMSHIT,הצפון,North,,data.gov.il,true
1338,locality,1338,,כדיתה,KADDITA,הצפון,North,,data.gov.il,true
1339,locality,1339,,אל-עזי,AL-AZY,הדרום,South,,data.gov.il,true
134,locality,134,,יפעת,YIF'AT,הצפון,North,,data.gov.il,true
1340,locality,1340,,מרחב עם,MERHAV AM,הדרום,South,,data.gov.il,true
1341,locality,1341,,רוח מדבר,RUAH MIDBAR,הדרום,South,,data.gov.il,true
1342,locality,1342,,אבו קרינאת (יישוב),ABU QUREINAT,הדרום,South,,data.gov.il,true
1343,locality,1343,,מכחול,MAKCHUL,הדרום,South,,data.gov.il,true
1344,locality,1344,,גבעות בר,GEVA'OT BAR,הדרום,South,,data.gov.il,true
1345,locality,1345,,צור יצחק,ZUR YIZHAQ,המרכז,Center,,data.gov.il,true
1346,locality,1346,,תראבין א-צאנע(ישוב),TARABIN AS-SANI,הדרום,South,,data.gov.il,true
1347,locality,1347,,קצר א-סר,,הדרום,South,,data.gov.il,true
1348,locality,1348,,ביר הדאג',BIR HADAGE,הדרום,South,,data.gov.il,true
1349,locality,1349,,דריג'את,DERIG'AT,הדרום,South,,data.gov.il,true
135,locality,135,,רמת דוד,RAMAT DAWID,הצפון,North,,data.gov.il,true
1358,locality,1358,,אום בטין,UMM BATIN,הדרום,South,,data.gov.il,true
1359,locality,1359,,אל סייד,AL SAYYID,הדרום,South,,data.gov.il,true
1360,locality,1360,,סעוה,SA'WA,הדרום,South,,data.gov.il,true
1361,locality,1361,,בת חן,BAT HEN,המרכז,Center,,data.gov.il,true
1362,locality,1362,,גבעות עדן,GIV'OT EDEN,ירושלים,Jerusalem,,data.gov.il,true
1363,locality,1363,,בני נצרים,BENE NEZARIM,הדרום,South,,data.gov.il,true
1364,locality,1364,,שלומית,SHLOMIT,הדרום,South,,data.gov.il,true
1365,locality,1365,,אליאב,ELIAV,הדרום,South,,data.gov.il,true
1366,locality,1366,,נווה,NAVE,הדרום,South,,data.gov.il,true
1367,locality,1367,,כחלה,KOCHLEA,הדרום,South,,data.gov.il,true
1368,locality,1368,,בני דקלים,BNE DKALIM,הדרום,South,,data.gov.il,true
1369,locality,1369,,נטע,NETA,הדרום,South,,data.gov.il,true
1370,locality,1370,,מצפה אילן,MITSPE ILAN,חיפה,Haifa,,data.gov.il,true
1371,locality,1371,,גני טל,GANNE TAL,המרכז,Center,,data.gov.il,true
1372,locality,1372,,נצר חזני,NEZER HAZZANI,המרכז,Center,,data.gov.il,true
1373,locality,1373,,שלווה במדבר,SHALVA BAMIDBAR,הדרום,South,,data.gov.il,true
1374,locality,1374,,כרמי קטיף,KARME QATIF,הדרום,South,,data.gov.il,true
1375,locality,1375,,אבו תלול,ABU TULUL,הדרום,South,,data.gov.il,true
1376,locality,1376,,באר גנים,BEER GANNIM,הדרום,South,,data.gov.il,true
1377,locality,1377,,שבי דרום,SHAVE DAROM,הדרום,South,,data.gov.il,true
1378,locality,1378,,שיזף,SHEZAF,הדרום,South,,data.gov.il,true
139,locality,139,,עין שמר,EN SHEMER,חיפה,Haifa,,data.gov.il,true
140,locality,140,,כפר יהושע,KEFAR YEHOSHUA,הצפון,North,,data.gov.il,true
141,locality,141,,ברק,BARAQ,הצפון,North,,data.gov.il,true
1411,locality,1411,,מחנה הילה,MAHANE HILLA,המרכז,Center,,data.gov.il,true
1412,locality,1412,,מחנה תל נוף,MAHANE TEL NOF,המרכז,Center,,data.gov.il,true
1413,locality,1413,,מחנה יהודית,MAHANE YEHUDIT,הצפון,North,,data.gov.il,true
1414,locality,1414,,מחנה מרים,MAHANE MIRYAM,הדרום,South,,data.gov.il,true
1415,locality,1415,,מחנה יפה,MAHANE YAFA,הדרום,South,,data.gov.il,true
1416,locality,1416,,מחנה יוכבד,MAHANE YOKHVED,הדרום,South,,data.gov.il,true
1418,locality,1418,,מחנה טלי,MAHANE TALI,הדרום,South,,data.gov.il,true
1419,locality,1419,,ניצן ב',NIZZAN B,הדרום,South,,data.gov.il,true
142,locality,142,,שדה יעקב,SEDE YA'AQOV,הצפון,North,,data.gov.il,true
143,locality,143,,בית זרע,BET ZERA,הצפון,North,,data.gov.il,true
144,locality,144,,גן שלמה,GAN SHELOMO,המרכז,Center,,data.gov.il,true
145,locality,145,,גדיש,GADISH,הצפון,North,,data.gov.il,true
146,locality,146,,דבורה,DEVORA,הצפון,North,,data.gov.il,true
147,locality,147,,גבעת ברנר,GIV'AT BRENNER,המרכז,Center,,data.gov.il,true
15,locality,15,,נועם,NO'AM,הדרום,South,,data.gov.il,true
154,locality,154,,תל מונד,TEL MOND,המרכז,Center,,data.gov.il,true
155,locality,155,,באר טוביה,BE'ER TUVEYA,הדרום,South,,data.gov.il,true
156,locality,156,,עיינות,AYANOT,המרכז,Center,,data.gov.il,true
157,locality,157,,עין ורד,EN WERED,המרכז,Center,,data.gov.il,true
158,locality,158,,נען,NA'AN,המרכז,Center,,data.gov.il,true
159,locality,159,,בית חנן,BET HANAN,המרכז,Center,,data.gov.il,true
16,locality,16,,בית ניר,BET NIR,הדרום,South,,data.gov.il,true
160,locality,160,,חולדה,HULDA,המרכז,Center,,data.gov.il,true
162,locality,162,,חירות,HERUT,המרכז,Center,,data.gov.il,true
163,locality,163,,תימורים,TIMMORIM,הדרום,South,,data.gov.il,true
164,locality,164,,מלאה,MELE'A,הצפון,North,,data.gov.il,true
165,locality,165,,ניר יפה,NIR YAFE,הצפון,North,,data.gov.il,true
166,locality,166,,גן יבנה,GAN YAVNE,המרכז,Center,,data.gov.il,true
167,locality,167,,עין החורש,EN HAHORESH,המרכז,Center,,data.gov.il,true
168,locality,168,,כפר יונה,KEFAR YONA,המרכז,Center,,data.gov.il,true
170,locality,170,,כפר יעבץ,KEFAR YA'BEZ,המרכז,Center,,data.gov.il,true
171,locality,171,,פרדסיה,PARDESIYYA,המרכז,Center,,data.gov.il,true
173,locality,173,,גבעת חיים (מאוחד),GIV'AT HAYYIM(ME'UHA,המרכז,Center,,data.gov.il,true
174,locality,174,,נטעים,NETA'IM,המרכז,Center,,data.gov.il,true
175,locality,175,,אביחיל,AVIHAYIL,המרכז,Center,,data.gov.il,true
176,locality,176,,אפיקים,AFIQIM,הצפון,North,,data.gov.il,true
177,locality,177,,כפר בילו,KEFAR BILU,המרכז,Center,,data.gov.il,true
178,locality,178,,רמת יוחנן,RAMAT YOHANAN,חיפה,Haifa,,data.gov.il,true
18,locality,18,,שדה משה,SEDE MOSHE,הדרום,South,,data.gov.il,true
182,locality,182,,אבן יהודה,EVEN YEHUDA,המרכז,Center,,data.gov.il,true
183,locality,183,,ירקונה,YARQONA,המרכז,Center,,data.gov.il,true
184,locality,184,,רמת הכובש,RAMAT HAKOVESH,המרכז,Center,,data.gov.il,true
186,locality,186,,נעורים,NE'URIM,המרכז,Center,,data.gov.il,true
187,locality,187,,כפר הס,KEFAR HESS,המרכז,Center,,data.gov.il,true
188,locality,188,,אשדות יעקב (מאוחד),ASHDOT YA'AQOV(ME'UH,הצפון,North,,data.gov.il,true
189,locality,189,,כפר פינס,KEFAR PINES,חיפה,Haifa,,data.gov.il,true
190,locality,190,,כפר ויתקין,KEFAR VITKIN,המרכז,Center,,data.gov.il,true
191,locality,191,,הדר עם,HADAR AM,המרכז,Center,,data.gov.il,true
192,locality,192,,כפר החורש,KEFAR HAHORESH,הצפון,North,,data.gov.il,true
193,locality,193,,כפר חיים,KEFAR HAYYIM,המרכז,Center,,data.gov.il,true
194,locality,194,,משמר השרון,MISHMAR HASHARON,המרכז,Center,,data.gov.il,true
195,locality,195,,קדימה-צורן,QADIMA-ZORAN,המרכז,Center,,data.gov.il,true
196,locality,196,,גיבתון,GIBBETON,המרכז,Center,,data.gov.il,true
197,locality,197,,מעברות,MA'BAROT,המרכז,Center,,data.gov.il,true
198,locality,198,,צופית,ZOFIT,המרכז,Center,,data.gov.il,true
199,locality,199,,אשדות יעקב (איחוד),ASHDOT YA'AQOV(IHUD),הצפון,North,,data.gov.il,true
200,locality,200,,בית ינאי,BET YANNAY,המרכז,Center,,data.gov.il,true
2002,locality,2002,,תנובות,TENUVOT,המרכז,Center,,data.gov.il,true
2003,locality,2003,,תלמי אלעזר,TALME EL'AZAR,חיפה,Haifa,,data.gov.il,true
2006,locality,2006,,כנות,KANNOT,הדרום,South,,data.gov.il,true
2008,locality,2008,,שדה יצחק,SEDE YIZHAQ,חיפה,Haifa,,data.gov.il,true
2009,locality,2009,,יובל,YUVAL,הצפון,North,,data.gov.il,true
2010,locality,2010,,כפר בן נון,KEFAR BIN NUN,המרכז,Center,,data.gov.il,true
2011,locality,2011,,ינון,YINNON,הדרום,South,,data.gov.il,true
2012,locality,2012,,אורות,OROT,הדרום,South,,data.gov.il,true
2013,locality,2013,,בן שמן (מושב),BEN SHEMEN (MOSHAV),המרכז,Center,,data.gov.il,true
2014,locality,2014,,גבעולים,GIV'OLIM,הדרום,South,,data.gov.il,true
2015,locality,2015,,שדי חמד,SEDE HEMED,המרכז,Center,,data.gov.il,true
2016,locality,2016,,רוויה,REWAYA,הצפון,North,,data.gov.il,true
2018,locality,2018,,גבעת חיים (איחוד),GIV'AT HAYYIM (IHUD),המרכז,Center,,data.gov.il,true
202,locality,202,,בית עובד,BET OVED,המרכז,Center,,data.gov.il,true
2021,locality,2021,,אשל הנשיא,ESHEL HANASI,הדרום,South,,data.gov.il,true
2023,locality,2023,,להב,LAHAV,הדרום,South,,data.gov.il,true
2024,locality,2024,,אום אל-קוטוף,UMM AL-QUTUF,חיפה,Haifa,,data.gov.il,true
2026,locality,2026,,ירדנה,YARDENA,הצפון,North,,data.gov.il,true
2029,locality,2029,,מדרך עוז,MIDRAKH OZ,הצפון,North,,data.gov.il,true
2030,locality,2030,,מנוחה,MENUHA,הדרום,South,,data.gov.il,true
2033,locality,2033,,בית חלקיה,BET HILQIYYA,המרכז,Center,,data.gov.il,true
2034,locality,2034,,חצור הגלילית,HAZOR HAGELILIT,הצפון,North,,data.gov.il,true
2035,locality,2035,,עדנים,ADANIM,המרכז,Center,,data.gov.il,true
2038,locality,2038,,ברקת,BAREQET,המרכז,Center,,data.gov.il,true
2039,locality,2039,,קרית יערים(מוסד),QIRYAT YE'ARIM(INSTI,ירושלים,Jerusalem,,data.gov.il,true
204,locality,204,,אלישיב,ELYASHIV,המרכז,Center,,data.gov.il,true
2042,locality,2042,,עין גדי,EN GEDI,הדרום,South,,data.gov.il,true
2043,locality,2043,,בחן,BAHAN,המרכז,Center,,data.gov.il,true
2044,locality,2044,,מלילות,MELILOT,הדרום,South,,data.gov.il,true
2045,locality,2045,,נחלה,NAHALA,הדרום,South,,data.gov.il,true
2046,locality,2046,,סגולה,SEGULA,הדרום,South,,data.gov.il,true
2047,locality,2047,,ניר משה,NIR MOSHE,הדרום,South,,data.gov.il,true
2048,locality,2048,,ניר עקיבא,NIR AQIVA,הדרום,South,,data.gov.il,true
2049,locality,2049,,שדה צבי,SEDE ZEVI,הדרום,South,,data.gov.il,true
205,locality,205,,חגלה,HOGLA,המרכז,Center,,data.gov.il,true
2050,locality,2050,,תלמי בילו,TALME BILU,הדרום,South,,data.gov.il,true
2051,locality,2051,,רווחה,REWAHA,הדרום,South,,data.gov.il,true
2052,locality,2052,,אביטל,AVITAL,הצפון,North,,data.gov.il,true
2053,locality,2053,,פרזון,PERAZON,הצפון,North,,data.gov.il,true
2054,locality,2054,,מיטב,METAV,הצפון,North,,data.gov.il,true
2055,locality,2055,,מאור,MA'OR,חיפה,Haifa,,data.gov.il,true
2057,locality,2057,,שדי תרומות,SEDE TERUMOT,הצפון,North,,data.gov.il,true
2059,locality,2059,,פעמי תשז,PA'AME TASHAZ,הדרום,South,,data.gov.il,true
206,locality,206,,רמות השבים,RAMOT HASHAVIM,המרכז,Center,,data.gov.il,true
2060,locality,2060,,ברוש,BEROSH,הדרום,South,,data.gov.il,true
2061,locality,2061,,תדהר,TIDHAR,הדרום,South,,data.gov.il,true
2062,locality,2062,,תאשור,TE'ASHUR,הדרום,South,,data.gov.il,true
2063,locality,2063,,דישון,DISHON,הצפון,North,,data.gov.il,true
2064,locality,2064,,זרועה,ZERU'A,הדרום,South,,data.gov.il,true
207,locality,207,,גבעת חן,GIV'AT HEN,המרכז,Center,,data.gov.il,true
208,locality,208,,מוצא עילית,MOZA ILLIT,ירושלים,Jerusalem,,data.gov.il,true
21,locality,21,,באר אורה,BE'ER ORA,הדרום,South,,data.gov.il,true
2100,locality,2100,,טירת כרמל,TIRAT KARMEL,חיפה,Haifa,,data.gov.il,true
212,locality,212,,בית צבי,BET ZEVI,חיפה,Haifa,,data.gov.il,true
213,locality,213,,משמרות,MISHMAROT,חיפה,Haifa,,data.gov.il,true
217,locality,217,,כפר הראה,KEFAR HARO'E,המרכז,Center,,data.gov.il,true
218,locality,218,,גני עם,GANNE AM,המרכז,Center,,data.gov.il,true
219,locality,219,,חיבת ציון,HIBBAT ZIYYON,המרכז,Center,,data.gov.il,true
22,locality,22,,מקווה ישראל,MIQWE YISRA'EL,תל אביב,Tel Aviv,,data.gov.il,true
220,locality,220,,כפר ביאליק,KEFAR BIALIK,חיפה,Haifa,,data.gov.il,true
2200,locality,2200,,דימונה,DIMONA,הדרום,South,,data.gov.il,true
223,locality,223,,עין עירון,EN IRON,חיפה,Haifa,,data.gov.il,true
224,locality,224,,שושנת העמקים,SHOSHANNAT HAAMAQIM,המרכז,Center,,data.gov.il,true
225,locality,225,,גן השומרון,GAN HASHOMERON,חיפה,Haifa,,data.gov.il,true
229,locality,229,,גני תקווה,GANNE TIQWA,המרכז,Center,,data.gov.il,true
23,locality,23,,אמציה,AMAZYA,הדרום,South,,data.gov.il,true
230,locality,230,,מעש,MA'AS,המרכז,Center,,data.gov.il,true
2300,locality,2300,,קרית טבעון,QIRYAT TIV'ON,חיפה,Haifa,,data.gov.il,true
232,locality,232,,שפיים,SHEFAYIM,המרכז,Center,,data.gov.il,true
233,locality,233,,כפר ידידיה,YEDIDYA,המרכז,Center,,data.gov.il,true
234,locality,234,,ביצרון,BIZZARON,הדרום,South,,data.gov.il,true
235,locality,235,,חבצלת השרון,HAVAZZELET HASHARON,המרכז,Center,,data.gov.il,true
237,locality,237,,שער העמקים,SHA'AR HAAMAQIM,חיפה,Haifa,,data.gov.il,true
239,locality,239,,גן חיים,GAN HAYYIM,המרכז,Center,,data.gov.il,true
24,locality,24,,לכיש,LAKHISH,הדרום,South,,data.gov.il,true
240,locality,240,,יקנעם עילית,YOQNE'AM ILLIT,הצפון,North,,data.gov.il,true
2400,locality,2400,,אור יהודה,OR YEHUDA,תל אביב,Tel Aviv,,data.gov.il,true
241,locality,241,,יקנעם (מושבה),YOQNE'AM(MOSHAVA),הצפון,North,,data.gov.il,true
242,locality,242,,בית השיטה,BET HASHITTA,הצפון,North,,data.gov.il,true
246,locality,246,,נתיבות,NETIVOT,הדרום,South,,data.gov.il,true
247,locality,247,,רשפון,RISHPON,המרכז,Center,,data.gov.il,true
248,locality,248,,בית שערים,BET SHE'ARIM,הצפון,North,,data.gov.il,true
249,locality,249,,כפר סירקין,KEFAR SIRKIN,המרכז,Center,,data.gov.il,true
250,locality,250,,הזורע,HAZOREA,הצפון,North,,data.gov.il,true
2500,locality,2500,,נשר,NESHER,חיפה,Haifa,,data.gov.il,true
252,locality,252,,ביתן אהרן,BITAN AHARON,המרכז,Center,,data.gov.il,true
253,locality,253,,חולתה,HULATA,הצפון,North,,data.gov.il,true
2530,locality,2530,,באר יעקב,BE'ER YA'AQOV,המרכז,Center,,data.gov.il,true
254,locality,254,,כפר המכבי,KEFAR HAMAKKABI,חיפה,Haifa,,data.gov.il,true
255,locality,255,,כפר חיטים,KEFAR HITTIM,הצפון,North,,data.gov.il,true
2550,locality,2550,,גדרה,GEDERA,המרכז,Center,,data.gov.il,true
256,locality,256,,ניר דוד (תל עמל),NIR DAWID (TEL AMAL),הצפון,North,,data.gov.il,true
2560,locality,2560,,ערד,ARAD,הדרום,South,,data.gov.il,true
257,locality,257,,נופך,NOFEKH,המרכז,Center,,data.gov.il,true
259,locality,259,,שדה נחום,SEDE NAHUM,הצפון,North,,data.gov.il,true
26,locality,26,,ראש פינה,ROSH PINNA,הצפון,North,,data.gov.il,true
2600,locality,2600,,אילת,ELAT,הדרום,South,,data.gov.il,true
2610,locality,2610,,בית שמש,BET SHEMESH,ירושלים,Jerusalem,,data.gov.il,true
262,locality,262,,גינוסר,GINNOSAR,הצפון,North,,data.gov.il,true
2620,locality,2620,,קרית אונו,QIRYAT ONO,תל אביב,Tel Aviv,,data.gov.il,true
263,locality,263,,מסדה,MASSADA,הצפון,North,,data.gov.il,true
2630,locality,2630,,קרית גת,QIRYAT GAT,הדרום,South,,data.gov.il,true
264,locality,264,,שער הגולן,SHA'AR HAGOLAN,הצפון,North,,data.gov.il,true
2640,locality,2640,,ראש העין,ROSH HAAYIN,המרכז,Center,,data.gov.il,true
265,locality,265,,בית יוסף,BET YOSEF,הצפון,North,,data.gov.il,true
2650,locality,2650,,רמת השרון,RAMAT HASHARON,תל אביב,Tel Aviv,,data.gov.il,true
2660,locality,2660,,יבנה,YAVNE,המרכז,Center,,data.gov.il,true
267,locality,267,,כפר שמריהו,KEFAR SHEMARYAHU,תל אביב,Tel Aviv,,data.gov.il,true
268,locality,268,,טירת צבי,TIRAT ZEVI,הצפון,North,,data.gov.il,true
269,locality,269,,מולדת,MOLEDET,הצפון,North,,data.gov.il,true
27,locality,27,,שדות מיכה,SEDOT MIKHA,ירושלים,Jerusalem,,data.gov.il,true
270,locality,270,,עין השופט,EN HASHOFET,הצפון,North,,data.gov.il,true
2710,locality,2710,,אום אל-פחם,UMM AL-FAHM,חיפה,Haifa,,data.gov.il,true
272,locality,272,,מעוז חיים,MA'OZ HAYYIM,הצפון,North,,data.gov.il,true
2720,locality,2720,,טירה,TIRE,המרכז,Center,,data.gov.il,true
273,locality,273,,עין גב,EN GEV,הצפון,North,,data.gov.il,true
2730,locality,2730,,טייבה,TAYIBE,המרכז,Center,,data.gov.il,true
274,locality,274,,כפר מנחם,KEFAR MENAHEM,הדרום,South,,data.gov.il,true
2742,locality,2742,,זבארגה (שבט),ZABARGA,הדרום,South,,data.gov.il,true
276,locality,276,,צור משה,ZUR MOSHE,המרכז,Center,,data.gov.il,true
278,locality,278,,אושה,USHA,חיפה,Haifa,,data.gov.il,true
28,locality,28,,מזכרת בתיה,MAZKERET BATYA,המרכז,Center,,data.gov.il,true
280,locality,280,,חניתה,HANITA,הצפון,North,,data.gov.il,true
2800,locality,2800,,קרית שמונה,QIRYAT SHEMONA,הצפון,North,,data.gov.il,true
281,locality,281,,פקיעין חדשה,PEQI'IN HADASHA,הצפון,North,,data.gov.il,true
282,locality,282,,שבי ציון,SHAVE ZIYYON,הצפון,North,,data.gov.il,true
284,locality,284,,שדה ורבורג,SEDE WARBURG,המרכז,Center,,data.gov.il,true
285,locality,285,,אלונים,ALLONIM,הצפון,North,,data.gov.il,true
286,locality,286,,מעלה החמישה,MA'ALE HAHAMISHA,ירושלים,Jerusalem,,data.gov.il,true
287,locality,287,,תל יצחק,TEL YIZHAQ,המרכז,Center,,data.gov.il,true
288,locality,288,,בית יהושע,BET YEHOSHUA,המרכז,Center,,data.gov.il,true
289,locality,289,,עין המפרץ,EN HAMIFRAZ,הצפון,North,,data.gov.il,true
29,locality,29,,יסוד המעלה,YESUD HAMA'ALA,הצפון,North,,data.gov.il,true
290,locality,290,,מעין צבי,MA'YAN ZEVI,חיפה,Haifa,,data.gov.il,true
292,locality,292,,שרונה,SHARONA,הצפון,North,,data.gov.il,true
293,locality,293,,שדה יואב,SEDE YO'AV,הדרום,South,,data.gov.il,true
294,locality,294,,אילון,ELON,הצפון,North,,data.gov.il,true
295,locality,295,,כפר רופין,KEFAR RUPPIN,הצפון,North,,data.gov.il,true
296,locality,296,,נווה איתן,NEWE ETAN,הצפון,North,,data.gov.il,true
297,locality,297,,כפר מסריק,KEFAR MASARYK,הצפון,North,,data.gov.il,true
298,locality,298,,מסילות,MESILLOT,הצפון,North,,data.gov.il,true
300,locality,300,,דליה,DALIYYA,הצפון,North,,data.gov.il,true
3000,locality,3000,,ירושלים,JERUSALEM,ירושלים,Jerusalem,,data.gov.il,true
301,locality,301,,בית עוזיאל,BET UZZI'EL,המרכז,Center,,data.gov.il,true
302,locality,302,,דפנה,DAFNA,הצפון,North,,data.gov.il,true
303,locality,303,,דן,DAN,הצפון,North,,data.gov.il,true
304,locality,304,,שדה אליהו,SEDE ELIYYAHU,הצפון,North,,data.gov.il,true
305,locality,305,,גשר,GESHER,הצפון,North,,data.gov.il,true
306,locality,306,,שדמות דבורה,SHADMOT DEVORA,הצפון,North,,data.gov.il,true
307,locality,307,,הזורעים,HAZORE'IM,הצפון,North,,data.gov.il,true
308,locality,308,,מחניים,MAHANAYIM,הצפון,North,,data.gov.il,true
309,locality,309,,נהורה,NEHORA,הדרום,South,,data.gov.il,true
31,locality,31,,אופקים,OFAQIM,הדרום,South,,data.gov.il,true
310,locality,310,,כפר גליקסון,KEFAR GLIKSON,חיפה,Haifa,,data.gov.il,true
311,locality,311,,גן שורק,GAN SOREQ,המרכז,Center,,data.gov.il,true
312,locality,312,,נווה ים,NEWE YAM,חיפה,Haifa,,data.gov.il,true
313,locality,313,,אפק,AFEQ,הצפון,North,,data.gov.il,true
315,locality,315,,נגבה,NEGBA,הדרום,South,,data.gov.il,true
316,locality,316,,כפר נטר,KEFAR NETTER,המרכז,Center,,data.gov.il,true
317,locality,317,,בית אורן,BET OREN,חיפה,Haifa,,data.gov.il,true
318,locality,318,,עמיעוז,AMMI'OZ,הדרום,South,,data.gov.il,true
319,locality,319,,עמיר,AMIR,הצפון,North,,data.gov.il,true
32,locality,32,,עוצם,OZEM,הדרום,South,,data.gov.il,true
320,locality,320,,כפר ורבורג,KEFAR WARBURG,הדרום,South,,data.gov.il,true
322,locality,322,,בית הלל,BET HILLEL,הצפון,North,,data.gov.il,true
324,locality,324,,שאר ישוב,SHE'AR YASHUV,הצפון,North,,data.gov.il,true
325,locality,325,,מצובה,MAZZUVA,הצפון,North,,data.gov.il,true
326,locality,326,,בית יצחק-שער חפר,BET YIZHAQ-SH. HEFER,המרכז,Center,,data.gov.il,true
327,locality,327,,שדות ים,SEDOT YAM,חיפה,Haifa,,data.gov.il,true
328,locality,328,,עזוז,EZUZ,הדרום,South,,data.gov.il,true
329,locality,329,,שדה נחמיה,SEDE NEHEMYA,הצפון,North,,data.gov.il,true
33,locality,33,,בת שלמה,BAT SHELOMO,חיפה,Haifa,,data.gov.il,true
330,locality,330,,אלומות,ALUMMOT,הצפון,North,,data.gov.il,true
331,locality,331,,ניר צבי,NIR ZEVI,המרכז,Center,,data.gov.il,true
334,locality,334,,קבוצת יבנה,QEVUZAT YAVNE,המרכז,Center,,data.gov.il,true
335,locality,335,,רמת השופט,RAMAT HASHOFET,הצפון,North,,data.gov.il,true
336,locality,336,,דורות,DOROT,הדרום,South,,data.gov.il,true
338,locality,338,,איבים,IBBIM,הדרום,South,,data.gov.il,true
339,locality,339,,רמת צבי,RAMAT ZEVI,הצפון,North,,data.gov.il,true
340,locality,340,,גת (קיבוץ),GAT(QIBBUZ),הדרום,South,,data.gov.il,true
3400,locality,3400,,חברון,,יהודה ושומרון,Judea and Samaria,,data.gov.il,true
342,locality,342,,גברעם,GEVAR'AM,הדרום,South,,data.gov.il,true
343,locality,343,,חמדיה,HAMADYA,הצפון,North,,data.gov.il,true
344,locality,344,,מענית,MA'ANIT,חיפה,Haifa,,data.gov.il,true
345,locality,345,,כפר סאלד,KEFAR SZOLD,הצפון,North,,data.gov.il,true
346,locality,346,,גליל ים,GELIL YAM,תל אביב,Tel Aviv,,data.gov.il,true
347,locality,347,,מנרה,MENNARA,הצפון,North,,data.gov.il,true
348,locality,348,,ניר עם,NIR AM,הדרום,South,,data.gov.il,true
3488,locality,3488,,כפר עציון,KEFAR EZYON,יהודה ושומרון,Judea and Samaria,,data.gov.il,true
3499,locality,3499,,בר כוכבא,BAR KOKHVA,יהודה ושומרון,Judea and Samaria,,data.gov.il,true
35,locality,35,,גדות,GADOT,הצפון,North,,data.gov.il,true
351,locality,351,,ניצן,NIZZAN,הדרום,South,,data.gov.il,true
352,locality,352,,גבולות,GEVULOT,הדרום,South,,data.gov.il,true
353,locality,353,,בית זיד,BET ZEID,הצפון,North,,data.gov.il,true
354,locality,354,,רביבים,REVIVIM,הדרום,South,,data.gov.il,true
355,locality,355,,חורשים,HORESHIM,המרכז,Center,,data.gov.il,true
3555,locality,3555,,נתיב הגדוד,NETIV HAGEDUD,יהודה ושומרון,Judea and Samaria,,data.gov.il,true
3556,locality,3556,,אלמוג,ALMOG,יהודה ושומרון,Judea and Samaria,,data.gov.il,true
3557,locality,3557,,קדומים,QEDUMIM,יהודה ושומרון,Judea and Samaria,,data.gov.il,true
3558,locality,3558,,תומר,TOMER,יהודה ושומרון,Judea and Samaria,,data.gov.il,true
356,locality,356,,הגושרים,HAGOSHERIM,הצפון,North,,data.gov.il,true
3560,locality,3560,,אלקנה,ELQANA,יהודה ושומרון,Judea and Samaria,,data.gov.il,true
3561,locality,3561,,מגדל עוז,MIGDAL OZ,יהודה ושומרון,Judea and Samaria,,data.gov.il,true
3563,locality,3563,,תקוע,TEQOA,יהודה ושומרון,Judea and Samaria,,data.gov.il,true
3564,locality,3564,,כוכב השחר,KOKHAV HASHAHAR,יהודה ושומרון,Judea and Samaria,,data.gov.il,true
3565,locality,3565,,רימונים,RIMMONIM,יהודה ושומרון,Judea and Samaria,,data.gov.il,true
3566,locality,3566,,יפית,YAFIT,יהודה ושומרון,Judea and Samaria,,data.gov.il,true
3567,locality,3567,,סלעית,SAL'IT,יהודה ושומרון,Judea and Samaria,,data.gov.il,true
3568,locality,3568,,ריחן,REHAN,יהודה ושומרון,Judea and Samaria,,data.gov.il,true
3569,locality,3569,,מבוא דותן,MEVO DOTAN,יהודה ושומרון,Judea and Samaria,,data.gov.il,true
357,locality,357,,כפר בלום,KEFAR BLUM,הצפון,North,,data.gov.il,true
3570,locality,3570,,אריאל,ARI'EL,יהודה ושומרון,Judea and Samaria,,data.gov.il,true
3571,locality,3571,,שבי שומרון,SHAVE SHOMERON,יהודה ושומרון,Judea and Samaria,,data.gov.il,true
3572,locality,3572,,כפר תפוח,KEFAR TAPPUAH,יהודה ושומרון,Judea and Samaria,,data.gov.il,true
3573,locality,3573,,נוה צוף,NEVE TSUF,יהודה ושומרון,Judea and Samaria,,data.gov.il,true
3574,locality,3574,,בית אל,BET EL,יהודה ושומרון,Judea and Samaria,,data.gov.il,true
3575,locality,3575,,בית חורון,BET HORON,יהודה ושומרון,Judea and Samaria,,data.gov.il,true
3576,locality,3576,,מצפה יריחו,MIZPE YERIHO,יהודה ושומרון,Judea and Samaria,,data.gov.il,true
3578,locality,3578,,שדמות מחולה,SHADMOT MEHOLA,יהודה ושומרון,Judea and Samaria,,data.gov.il,true
3579,locality,3579,,אלון מורה,ELON MORE,יהודה ושומרון,Judea and Samaria,,data.gov.il,true
358,locality,358,,יד מרדכי,YAD MORDEKHAY,הדרום,South,,data.gov.il,true
359,locality,359,,ניצנים,NIZZANIM,הדרום,South,,data.gov.il,true
3598,locality,3598,,ארגמן,ARGAMAN,יהודה ושומרון,Judea and Samaria,,data.gov.il,true
3599,locality,3599,,מחולה,MEHOLA,יהודה ושומרון,Judea and Samaria,,data.gov.il,true
36,locality,36,,שדה דוד,SEDE DAWID,הדרום,South,,data.gov.il,true
360,locality,360,,גבעת נילי,GIV'AT NILI,חיפה,Haifa,,data.gov.il,true
3601,locality,3601,,קליה,QALYA,יהודה ושומרון,Judea and Samaria,,data.gov.il,true
3602,locality,3602,,ראש צורים,ROSH ZURIM,יהודה ושומרון,Judea and Samaria,,data.gov.il,true
3603,locality,3603,,הר גילה,HAR GILLO,יהודה ושומרון,Judea and Samaria,,data.gov.il,true
3604,locality,3604,,אלון שבות,ALLON SHEVUT,יהודה ושומרון,Judea and Samaria,,data.gov.il,true
3605,locality,3605,,משואה,MASSU'A,יהודה ושומרון,Judea and Samaria,,data.gov.il,true
3606,locality,3606,,גלגל,GILGAL,יהודה ושומרון,Judea and Samaria,,data.gov.il,true
3607,locality,3607,,ייטב,YITAV,יהודה ושומרון,Judea and Samaria,,data.gov.il,true
3608,locality,3608,,מעלה אפרים,MA'ALE EFRAYIM,יהודה ושומרון,Judea and Samaria,,data.gov.il,true
3609,locality,3609,,חמרה,HAMRA,יהודה ושומרון,Judea and Samaria,,data.gov.il,true
3610,locality,3610,,מצפה שלם,MIZPE SHALEM,יהודה ושומרון,Judea and Samaria,,data.gov.il,true
3611,locality,3611,,קרית ארבע,QIRYAT ARBA,יהודה ושומרון,Judea and Samaria,,data.gov.il,true
3612,locality,3612,,בקעות,BEQA'OT,יהודה ושומרון,Judea and Samaria,,data.gov.il,true
3613,locality,3613,,גיתית,GITTIT,יהודה ושומרון,Judea and Samaria,,data.gov.il,true
3614,locality,3614,,מכורה,MEKHORA,יהודה ושומרון,Judea and Samaria,,data.gov.il,true
3615,locality,3615,,פצאל,PEZA'EL,יהודה ושומרון,Judea and Samaria,,data.gov.il,true
3616,locality,3616,,מעלה אדומים,MA'ALE ADUMMIM,יהודה ושומרון,Judea and Samaria,,data.gov.il,true
3617,locality,3617,,עופרה,OFRA,יהודה ושומרון,Judea and Samaria,,data.gov.il,true
3618,locality,3618,,אלעזר,EL'AZAR,יהודה ושומרון,Judea and Samaria,,data.gov.il,true
3619,locality,3619,,רועי,RO'I,יהודה ושומרון,Judea and Samaria,,data.gov.il,true
362,locality,362,,רוחמה,RUHAMA,הדרום,South,,data.gov.il,true
3620,locality,3620,,נערן,NA'ARAN,יהודה ושומרון,Judea and Samaria,,data.gov.il,true
363,locality,363,,חפץ חיים,HAFEZ HAYYIM,המרכז,Center,,data.gov.il,true
3638,locality,3638,,כפר אדומים,KEFAR ADUMMIM,יהודה ושומרון,Judea and Samaria,,data.gov.il,true
3639,locality,3639,,ורד יריחו,WERED YERIHO,יהודה ושומרון,Judea and Samaria,,data.gov.il,true
364,locality,364,,כפר אוריה,KEFAR URIYYA,ירושלים,Jerusalem,,data.gov.il,true
3640,locality,3640,,קרני שומרון,QARNE SHOMERON,יהודה ושומרון,Judea and Samaria,,data.gov.il,true
3641,locality,3641,,שילה,SHILO,יהודה ושומרון,Judea and Samaria,,data.gov.il,true
3642,locality,3642,,חומש,HOMESH,יהודה ושומרון,Judea and Samaria,,data.gov.il,true
3643,locality,3643,,חיננית,HINNANIT,יהודה ושומרון,Judea and Samaria,,data.gov.il,true
3644,locality,3644,,גבעון החדשה,GIV'ON HAHADASHA,יהודה ושומרון,Judea and Samaria,,data.gov.il,true
3645,locality,3645,,בית הערבה,BET HAARAVA,יהודה ושומרון,Judea and Samaria,,data.gov.il,true
3646,locality,3646,,חמדת,NAHAL HEMDAT,יהודה ושומרון,Judea and Samaria,,data.gov.il,true
3647,locality,3647,,יקיר,YAQIR,יהודה ושומרון,Judea and Samaria,,data.gov.il,true
3648,locality,3648,,מתתיהו,MATTITYAHU,יהודה ושומרון,Judea and Samaria,,data.gov.il,true
3649,locality,3649,,שקד,SHAQED,יהודה ושומרון,Judea and Samaria,,data.gov.il,true
365,locality,365,,בית קשת,BET QESHET,הצפון,North,,data.gov.il,true
3650,locality,3650,,אפרת,EFRAT,יהודה ושומרון,Judea and Samaria,,data.gov.il,true
3651,locality,3651,,מעלה מכמש,MA'ALE MIKHMAS,יהודה ושומרון,Judea and Samaria,,data.gov.il,true
3652,locality,3652,,בית אריה,BET ARYE,יהודה ושומרון,Judea and Samaria,,data.gov.il,true
3653,locality,3653,,מעלה עמוס,MA'ALE AMOS,יהודה ושומרון,Judea and Samaria,,data.gov.il,true
3654,locality,3654,,ברקן,BARQAN,יהודה ושומרון,Judea and Samaria,,data.gov.il,true
3655,locality,3655,,נילי,NILI,יהודה ושומרון,Judea and Samaria,,data.gov.il,true
3656,locality,3656,,כרמל,KARMEL,יהודה ושומרון,Judea and Samaria,,data.gov.il,true
3657,locality,3657,,מעון,MA'ON,יהודה ושומרון,Judea and Samaria,,data.gov.il,true
3658,locality,3658,,עטרת,ATERET,יהודה ושומרון,Judea and Samaria,,data.gov.il,true
3659,locality,3659,,פסגות,PESAGOT,יהודה ושומרון,Judea and Samaria,,data.gov.il,true
366,locality,366,,שמיר,SHAMIR,הצפון,North,,data.gov.il,true
3660,locality,3660,,עמנואל,IMMANU'EL,יהודה ושומרון,Judea and Samaria,,data.gov.il,true
367,locality,367,,עין העמק,EN HAEMEQ,הצפון,North,,data.gov.il,true
368,locality,368,,ביריה,BIRIYYA,הצפון,North,,data.gov.il,true
369,locality,369,,גלעד (אבן יצחק),EVEN YIZHAQ(GAL'ED),הצפון,North,,data.gov.il,true
37,locality,37,,איתן,ETAN,הדרום,South,,data.gov.il,true
370,locality,370,,גזר,GEZER,המרכז,Center,,data.gov.il,true
3709,locality,3709,,מבוא חורון,MEVO HORON,יהודה ושומרון,Judea and Samaria,,data.gov.il,true
371,locality,371,,כדורי,KADOORIE,הצפון,North,,data.gov.il,true
3710,locality,3710,,ברכה,BERAKHA,יהודה ושומרון,Judea and Samaria,,data.gov.il,true
3711,locality,3711,,שא-נור,SA-NUR,יהודה ושומרון,Judea and Samaria,,data.gov.il,true
3712,locality,3712,,ענב,ENAV,יהודה ושומרון,Judea and Samaria,,data.gov.il,true
3713,locality,3713,,נעמה,NAAMA,יהודה ושומרון,Judea and Samaria,,data.gov.il,true
3715,locality,3715,,עלמון,ALMON,יהודה ושומרון,Judea and Samaria,,data.gov.il,true
3717,locality,3717,,חרמש,HERMESH,יהודה ושומרון,Judea and Samaria,,data.gov.il,true
3719,locality,3719,,תלם,TELEM,יהודה ושומרון,Judea and Samaria,,data.gov.il,true
372,locality,372,,רמות נפתלי,RAMOT NAFTALI,הצפון,North,,data.gov.il,true
3722,locality,3722,,אשכולות,ESHKOLOT,יהודה ושומרון,Judea and Samaria,,data.gov.il,true
3723,locality,3723,,פני חבר,PENE HEVER,יהודה ושומרון,Judea and Samaria,,data.gov.il,true
3724,locality,3724,,נגוהות,NEGOHOT,יהודה ושומרון,Judea and Samaria,,data.gov.il,true
3725,locality,3725,,נווה דניאל,NEWE DANIYYEL,יהודה ושומרון,Judea and Samaria,,data.gov.il,true
3726,locality,3726,,נוקדים,NOQEDIM,יהודה ושומרון,Judea and Samaria,,data.gov.il,true
3727,locality,3727,,עלי זהב,ALE ZAHAV,יהודה ושומרון,Judea and Samaria,,data.gov.il,true
3729,locality,3729,,כדים,KADDIM,יהודה ושומרון,Judea and Samaria,,data.gov.il,true
373,locality,373,,בית הלוי,BET HALEVI,המרכז,Center,,data.gov.il,true
3730,locality,3730,,גבעת זאב,GIV'AT ZE'EV,יהודה ושומרון,Judea and Samaria,,data.gov.il,true
374,locality,374,,חוקוק,HUQOQ,הצפון,North,,data.gov.il,true
3743,locality,3743,,טנא,TENE,יהודה ושומרון,Judea and Samaria,,data.gov.il,true
3744,locality,3744,,ברוכין,BRUKHIN,יהודה ושומרון,Judea and Samaria,,data.gov.il,true
3745,locality,3745,,בית יתיר,BET YATTIR,יהודה ושומרון,Judea and Samaria,,data.gov.il,true
3746,locality,3746,,קרית נטפים,QIRYAT NETAFIM,יהודה ושומרון,Judea and Samaria,,data.gov.il,true
3747,locality,3747,,דולב,DOLEV,יהודה ושומרון,Judea and Samaria,,data.gov.il,true
3748,locality,3748,,עתניאל,OTNI'EL,יהודה ושומרון,Judea and Samaria,,data.gov.il,true
3749,locality,3749,,יצהר,YIZHAR,יהודה ושומרון,Judea and Samaria,,data.gov.il,true
375,locality,375,,מגל,MAGGAL,חיפה,Haifa,,data.gov.il,true
3750,locality,3750,,אלפי מנשה,ALFE MENASHE,יהודה ושומרון,Judea and Samaria,,data.gov.il,true
3751,locality,3751,,מגדלים,MIGDALIM,יהודה ושומרון,Judea and Samaria,,data.gov.il,true
3752,locality,3752,,מעלה לבונה,MA'ALE LEVONA,יהודה ושומרון,Judea and Samaria,,data.gov.il,true
3754,locality,3754,,אספר,ASEFAR,יהודה ושומרון,Judea and Samaria,,data.gov.il,true
3756,locality,3756,,סוסיה,SUSEYA,יהודה ושומרון,Judea and Samaria,,data.gov.il,true
3757,locality,3757,,ברוש הבקעה,BROSH HABIK'A,יהודה ושומרון,Judea and Samaria,,data.gov.il,true
3758,locality,3758,,גנים,GANNIM,יהודה ושומרון,Judea and Samaria,,data.gov.il,true
3759,locality,3759,,אדורה,ADORA,יהודה ושומרון,Judea and Samaria,,data.gov.il,true
376,locality,376,,עברון,EVRON,הצפון,North,,data.gov.il,true
3760,locality,3760,,אורנית,ORANIT,יהודה ושומרון,Judea and Samaria,,data.gov.il,true
3762,locality,3762,,איתמר,ITAMAR,יהודה ושומרון,Judea and Samaria,,data.gov.il,true
3763,locality,3763,,גבע בנימין,GEVA BINYAMIN,יהודה ושומרון,Judea and Samaria,,data.gov.il,true
3764,locality,3764,,חגי,HAGGAI,יהודה ושומרון,Judea and Samaria,,data.gov.il,true
3765,locality,3765,,עלי,ELI,יהודה ושומרון,Judea and Samaria,,data.gov.il,true
3766,locality,3766,,כרמי צור,KARME ZUR,יהודה ושומרון,Judea and Samaria,,data.gov.il,true
3767,locality,3767,,נחליאל,NAHALI'EL,יהודה ושומרון,Judea and Samaria,,data.gov.il,true
3768,locality,3768,,פדואל,PEDU'EL,יהודה ושומרון,Judea and Samaria,,data.gov.il,true
3769,locality,3769,,הר אדר,HAR ADAR,יהודה ושומרון,Judea and Samaria,,data.gov.il,true
377,locality,377,,המעפיל,HAMA'PIL,המרכז,Center,,data.gov.il,true
3770,locality,3770,,חשמונאים,HASHMONA'IM,יהודה ושומרון,Judea and Samaria,,data.gov.il,true
3777,locality,3777,,סנסנה,,יהודה ושומרון,Judea and Samaria,,data.gov.il,true
3779,locality,3779,,כוכב יעקב,KOKHAV YA'AQOV,יהודה ושומרון,Judea and Samaria,,data.gov.il,true
378,locality,378,,משגב עם,MISGAV AM,הצפון,North,,data.gov.il,true
3780,locality,3780,,ביתר עילית,BETAR ILLIT,יהודה ושומרון,Judea and Samaria,,data.gov.il,true
3781,locality,3781,,קדר,QEDAR,יהודה ושומרון,Judea and Samaria,,data.gov.il,true
3782,locality,3782,,רותם,ROTEM,יהודה ושומרון,Judea and Samaria,,data.gov.il,true
3783,locality,3783,,גבעות,GVA'OT,יהודה ושומרון,Judea and Samaria,,data.gov.il,true
3784,locality,3784,,שמעה,SHIM'A,יהודה ושומרון,Judea and Samaria,,data.gov.il,true
3785,locality,3785,,משכיות,MASKIYYOT,יהודה ושומרון,Judea and Samaria,,data.gov.il,true
3786,locality,3786,,אובנת,OVNAT,יהודה ושומרון,Judea and Samaria,,data.gov.il,true
3787,locality,3787,,נעלה,NA'ALE,יהודה ושומרון,Judea and Samaria,,data.gov.il,true
3788,locality,3788,,טלמון,TALMON,יהודה ושומרון,Judea and Samaria,,data.gov.il,true
379,locality,379,,גאולים,GE'ULIM,המרכז,Center,,data.gov.il,true
3790,locality,3790,,נופים,NOFIM,יהודה ושומרון,Judea and Samaria,,data.gov.il,true
3791,locality,3791,,צופים,ZUFIN,יהודה ושומרון,Judea and Samaria,,data.gov.il,true
3793,locality,3793,,אבני חפץ,AVNE HEFEZ,יהודה ושומרון,Judea and Samaria,,data.gov.il,true
3794,locality,3794,,בת עין,BAT AYIN,יהודה ושומרון,Judea and Samaria,,data.gov.il,true
3795,locality,3795,,רבבה,REVAVA,יהודה ושומרון,Judea and Samaria,,data.gov.il,true
3796,locality,3796,,כפר האורנים,KEFAR HAORANIM,יהודה ושומרון,Judea and Samaria,,data.gov.il,true
3797,locality,3797,,מודיעין עילית,MODI'IN ILLIT,יהודה ושומרון,Judea and Samaria,,data.gov.il,true
380,locality,380,,להבות הבשן,LAHAVOT HABASHAN,הצפון,North,,data.gov.il,true
3815,locality,3815,,תל ציון,TEL TSIYON,יהודה ושומרון,Judea and Samaria,,data.gov.il,true
382,locality,382,,מכמורת,MIKHMORET,המרכז,Center,,data.gov.il,true
3822,locality,3822,,רחלים,REHELIM,יהודה ושומרון,Judea and Samaria,,data.gov.il,true
3823,locality,3823,,גני מודיעין,GANNE MODIIN,יהודה ושומרון,Judea and Samaria,,data.gov.il,true
3824,locality,3824,,עמיחי,AMMIHAY,יהודה ושומרון,Judea and Samaria,,data.gov.il,true
3825,locality,3825,,מבואות יריחו,MEVO'OT YERIHO,יהודה ושומרון,Judea and Samaria,,data.gov.il,true
3826,locality,3826,,שער שומרון,SHA'AR SHOMRON,יהודה ושומרון,Judea and Samaria,,data.gov.il,true
383,locality,383,,עין הנציב,EN HANAZIV,הצפון,North,,data.gov.il,true
385,locality,385,,עמיעד,AMMI'AD,הצפון,North,,data.gov.il,true
386,locality,386,,בני דרור,BENE DEROR,המרכז,Center,,data.gov.il,true
3861,locality,3861,,עשהאל,ASA'EL,יהודה ושומרון,Judea and Samaria,,data.gov.il,true
3862,locality,3862,,גבעות הרואה,GIV'OT HARO'E,יהודה ושומרון,Judea and Samaria,,data.gov.il,true
3864,locality,3864,,בית חוגלה,BET HOGLA,יהודה ושומרון,Judea and Samaria,,data.gov.il,true
3865,locality,3865,,משמר יהודה,MISHMAR YEHUDA,יהודה ושומרון,Judea and Samaria,,data.gov.il,true
3868,locality,3868,,שחרית,SHAHARIT,יהודה ושומרון,Judea and Samaria,,data.gov.il,true
3869,locality,3869,,אביגיל,AVIGAYIL,יהודה ושומרון,Judea and Samaria,,data.gov.il,true
387,locality,387,,כפר מונש,KEFAR MONASH,המרכז,Center,,data.gov.il,true
3870,locality,3870,,חרשה,HARESHA,יהודה ושומרון,Judea and Samaria,,data.gov.il,true
3871,locality,3871,,מגרון,MIGRON,יהודה ושומרון,Judea and Samaria,,data.gov.il,true
3872,locality,3872,,שבות רחל,SHVUT RAHEL,יהודה ושומרון,Judea and Samaria,,data.gov.il,true
3873,locality,3873,,טל מנשה,TAL MENASHE,יהודה ושומרון,Judea and Samaria,,data.gov.il,true
3874,locality,3874,,עדי עד,ADE AD,יהודה ושומרון,Judea and Samaria,,data.gov.il,true
3875,locality,3875,,אחיה,AHIYA,יהודה ושומרון,Judea and Samaria,,data.gov.il,true
3876,locality,3876,,נופי פרת,NOFE PRAT,יהודה ושומרון,Judea and Samaria,,data.gov.il,true
3877,locality,3877,,נווה גדיד,NEVE GADID,יהודה ושומרון,Judea and Samaria,,data.gov.il,true
3878,locality,3878,,תמרה,TMARA,יהודה ושומרון,Judea and Samaria,,data.gov.il,true
3879,locality,3879,,מעוז,MA'OZ,יהודה ושומרון,Judea and Samaria,,data.gov.il,true
388,locality,388,,כפר קיש,KEFAR KISH,הצפון,North,,data.gov.il,true
3880,locality,3880,,עיבל,EVAL,יהודה ושומרון,Judea and Samaria,,data.gov.il,true
3887,locality,3887,,נזר שומרון,NEZER SHOMRON,יהודה ושומרון,Judea and Samaria,,data.gov.il,true
3889,locality,3889,,כרם רעים,KEREM RE'IM,יהודה ושומרון,Judea and Samaria,,data.gov.il,true
389,locality,389,,בצרה,BAZRA,המרכז,Center,,data.gov.il,true
3890,locality,3890,,נריה,NERIYA,יהודה ושומרון,Judea and Samaria,,data.gov.il,true
3891,locality,3891,,איבי הנחל,IBBE HANAHAL,יהודה ושומרון,Judea and Samaria,,data.gov.il,true
3892,locality,3892,,לשם,LESHEM,יהודה ושומרון,Judea and Samaria,,data.gov.il,true
3893,locality,3893,,גודר,GODER,יהודה ושומרון,Judea and Samaria,,data.gov.il,true
3894,locality,3894,,פרשים,PARASHIM,יהודה ושומרון,Judea and Samaria,,data.gov.il,true
3895,locality,3895,,קדם ערבה,KEDEM ARAVA,יהודה ושומרון,Judea and Samaria,,data.gov.il,true
3896,locality,3896,,יונדב,YONADAV,יהודה ושומרון,Judea and Samaria,,data.gov.il,true
3897,locality,3897,,בתרון,BITRON,יהודה ושומרון,Judea and Samaria,,data.gov.il,true
3898,locality,3898,,אלון,ALLON,יהודה ושומרון,Judea and Samaria,,data.gov.il,true
3899,locality,3899,,מצפה זיף,MITSPE ZIF,יהודה ושומרון,Judea and Samaria,,data.gov.il,true
39,locality,39,,גפן,GEFEN,ירושלים,Jerusalem,,data.gov.il,true
390,locality,390,,רגבה,REGBA,הצפון,North,,data.gov.il,true
3901,locality,3901,,לחי,LEHI,יהודה ושומרון,Judea and Samaria,,data.gov.il,true
3902,locality,3902,,כנפי שחר,KANFE SHAHAR,יהודה ושומרון,Judea and Samaria,,data.gov.il,true
3903,locality,3903,,מצוקי ארץ,METSUKE ERETS,יהודה ושומרון,Judea and Samaria,,data.gov.il,true
392,locality,392,,קדמה,QEDMA,הדרום,South,,data.gov.il,true
393,locality,393,,גלאון,GAL'ON,הדרום,South,,data.gov.il,true
394,locality,394,,שובל,SHOVAL,הדרום,South,,data.gov.il,true
395,locality,395,,משמר הנגב,MISHMAR HANEGEV,הדרום,South,,data.gov.il,true
396,locality,396,,נבטים,NEVATIM,הדרום,South,,data.gov.il,true
397,locality,397,,חצרים,HAZERIM,הדרום,South,,data.gov.il,true
398,locality,398,,שרשרת,SHARSHERET,הדרום,South,,data.gov.il,true
3987,locality,3987,,אדוריים,ADORAYIM,יהודה ושומרון,Judea and Samaria,,data.gov.il,true
399,locality,399,,בארי,BE'ERI,הדרום,South,,data.gov.il,true
400,locality,400,,אבן שמואל,EVEN SHEMU'EL,הדרום,South,,data.gov.il,true
4000,locality,4000,,חיפה,HAIFA,חיפה,Haifa,,data.gov.il,true
4001,locality,4001,,בוקעאתא,BUQ'ATA,הצפון,North,,data.gov.il,true
4002,locality,4002,,אלי-עד,ELI-AD,הצפון,North,,data.gov.il,true
4003,locality,4003,,אל-רום,EL-ROM,הצפון,North,,data.gov.il,true
4004,locality,4004,,כפר חרוב,KEFAR HARUV,הצפון,North,,data.gov.il,true
4005,locality,4005,,חספין,HASPIN,הצפון,North,,data.gov.il,true
4006,locality,4006,,קשת,QESHET,הצפון,North,,data.gov.il,true
4007,locality,4007,,יונתן,YONATAN,הצפון,North,,data.gov.il,true
4008,locality,4008,,מעלה גמלא,MA'ALE GAMLA,הצפון,North,,data.gov.il,true
4009,locality,4009,,שעל,SHA'AL,הצפון,North,,data.gov.il,true
4010,locality,4010,,אודם,ODEM,הצפון,North,,data.gov.il,true
4011,locality,4011,,אבני איתן,AVNE ETAN,הצפון,North,,data.gov.il,true
4012,locality,4012,,אניעם,ANI'AM,הצפון,North,,data.gov.il,true
4013,locality,4013,,אורטל,ORTAL,הצפון,North,,data.gov.il,true
4014,locality,4014,,נטור,NATUR,הצפון,North,,data.gov.il,true
4015,locality,4015,,בני יהודה,BENE YEHUDA,הצפון,North,,data.gov.il,true
4017,locality,4017,,אלוני הבשן,ALLONE HABASHAN,הצפון,North,,data.gov.il,true
4019,locality,4019,,מיצר,MEZAR,הצפון,North,,data.gov.il,true
402,locality,402,,ניר יצחק,NIR YIZHAQ,הדרום,South,,data.gov.il,true
4021,locality,4021,,גבעת יואב,GIV'AT YO'AV,הצפון,North,,data.gov.il,true
4022,locality,4022,,גשור,GESHUR,הצפון,North,,data.gov.il,true
4024,locality,4024,,קלע,QELA,הצפון,North,,data.gov.il,true
4025,locality,4025,,קדמת צבי,QIDMAT ZEVI,הצפון,North,,data.gov.il,true
4026,locality,4026,,חד-נס,HAD-NES,הצפון,North,,data.gov.il,true
4028,locality,4028,,כנף,KANAF,הצפון,North,,data.gov.il,true
4029,locality,4029,,רמת הנשיא טראמפ,PRESIDENT TRUMP HEI,הצפון,North,,data.gov.il,true
403,locality,403,,אורים,URIM,הדרום,South,,data.gov.il,true
4035,locality,4035,,נמרוד,NIMROD,הצפון,North,,data.gov.il,true
405,locality,405,,נווה אילן,NEWE ILAN,ירושלים,Jerusalem,,data.gov.il,true
406,locality,406,,חצור-אשדוד,HAZOR-ASHDOD,הדרום,South,,data.gov.il,true
407,locality,407,,דברת,DAVERAT,הצפון,North,,data.gov.il,true
408,locality,408,,נאות מרדכי,NE'OT MORDEKHAY,הצפון,North,,data.gov.il,true
409,locality,409,,יחיעם,YEHI'AM,הצפון,North,,data.gov.il,true
41,locality,41,,אליכין,ELYAKHIN,המרכז,Center,,data.gov.il,true
4100,locality,4100,,קצרין,QAZRIN,הצפון,North,,data.gov.il,true
4101,locality,4101,,מרום גולן,MEROM GOLAN,הצפון,North,,data.gov.il,true
412,locality,412,,קרית שלמה,QIRYAT SHELOMO,המרכז,Center,,data.gov.il,true
413,locality,413,,צאלים,ZE'ELIM,הדרום,South,,data.gov.il,true
414,locality,414,,קלחים,QELAHIM,הדרום,South,,data.gov.il,true
415,locality,415,,שוקדה,SHOQEDA,הדרום,South,,data.gov.il,true
416,locality,416,,מעין ברוך,MA'YAN BARUKH,הצפון,North,,data.gov.il,true
417,locality,417,,יקום,YAQUM,המרכז,Center,,data.gov.il,true
418,locality,418,,בני ציון,BENE ZIYYON,המרכז,Center,,data.gov.il,true
419,locality,419,,סעד,SA'AD,הדרום,South,,data.gov.il,true
4201,locality,4201,,מג'דל שמס,MAJDAL SHAMS,הצפון,North,,data.gov.il,true
4203,locality,4203,,מסעדה,MAS'ADE,הצפון,North,,data.gov.il,true
4204,locality,4204,,מבוא חמה,MEVO HAMMA,הצפון,North,,data.gov.il,true
421,locality,421,,משאבי שדה,MASH'ABBE SADE,הדרום,South,,data.gov.il,true
422,locality,422,,חרב לאת,HEREV LE'ET,המרכז,Center,,data.gov.il,true
423,locality,423,,העוגן,HAOGEN,המרכז,Center,,data.gov.il,true
424,locality,424,,גבים,GEVIM,הדרום,South,,data.gov.il,true
425,locality,425,,משמרת,MISHMERET,המרכז,Center,,data.gov.il,true
426,locality,426,,עין כרמל,EN KARMEL,חיפה,Haifa,,data.gov.il,true
427,locality,427,,כפר גלים,KEFAR GALLIM,חיפה,Haifa,,data.gov.il,true
428,locality,428,,ברור חיל,BEROR HAYIL,הדרום,South,,data.gov.il,true
429,locality,429,,אלוני אבא,ALLONE ABBA,הצפון,North,,data.gov.il,true
43,locality,43,,מטולה,METULA,הצפון,North,,data.gov.il,true
430,locality,430,,בית לחם הגלילית,BET LEHEM HAGELILIT,הצפון,North,,data.gov.il,true
4301,locality,4301,,אפיק,AFIQ,הצפון,North,,data.gov.il,true
4303,locality,4303,,נווה אטיב,NEWE ATIV,הצפון,North,,data.gov.il,true
4304,locality,4304,,נוב,NOV,הצפון,North,,data.gov.il,true
431,locality,431,,דלתון,DALTON,הצפון,North,,data.gov.il,true
432,locality,432,,שמרת,SHAMERAT,הצפון,North,,data.gov.il,true
433,locality,433,,נחשולים,NAHSHOLIM,חיפה,Haifa,,data.gov.il,true
434,locality,434,,החותרים,HAHOTERIM,חיפה,Haifa,,data.gov.il,true
435,locality,435,,נצר סרני,NEZER SERENI,המרכז,Center,,data.gov.il,true
436,locality,436,,עין דור,EN DOR,הצפון,North,,data.gov.il,true
437,locality,437,,רשפים,RESHAFIM,הצפון,North,,data.gov.il,true
439,locality,439,,שלוחות,SHELUHOT,הצפון,North,,data.gov.il,true
44,locality,44,,זוהר,ZOHAR,הדרום,South,,data.gov.il,true
440,locality,440,,יסודות,YESODOT,המרכז,Center,,data.gov.il,true
442,locality,442,,גדעונה,GID'ONA,הצפון,North,,data.gov.il,true
443,locality,443,,כפר הנשיא,KEFAR HANASI,הצפון,North,,data.gov.il,true
444,locality,444,,רגבים,REGAVIM,חיפה,Haifa,,data.gov.il,true
445,locality,445,,רמות מנשה,RAMOT MENASHE,הצפון,North,,data.gov.il,true
446,locality,446,,אודים,UDIM,המרכז,Center,,data.gov.il,true
447,locality,447,,נורדיה,NORDIYYA,המרכז,Center,,data.gov.il,true
448,locality,448,,בני עטרות,BENE ATAROT,המרכז,Center,,data.gov.il,true
449,locality,449,,נחלים,NEHALIM,המרכז,Center,,data.gov.il,true
450,locality,450,,בארות יצחק,BE'EROT YIZHAQ,המרכז,Center,,data.gov.il,true
4501,locality,4501,,ע'ג'ר,GHAJAR,הצפון,North,,data.gov.il,true
4502,locality,4502,,עין קנייא,EIN QINIYYE,הצפון,North,,data.gov.il,true
4503,locality,4503,,עין זיוון,EN ZIWAN,הצפון,North,,data.gov.il,true
452,locality,452,,יזרעאל,YIZRE'EL,הצפון,North,,data.gov.il,true
453,locality,453,,יפתח,YIFTAH,הצפון,North,,data.gov.il,true
454,locality,454,,סער,SA'AR,הצפון,North,,data.gov.il,true
4551,locality,4551,,נאות גולן,NE'OT GOLAN,הצפון,North,,data.gov.il,true
456,locality,456,,שורש,SHORESH,ירושלים,Jerusalem,,data.gov.il,true
457,locality,457,,גזית,GAZIT,הצפון,North,,data.gov.il,true
46,locality,46,,יבנאל,YAVNE'EL,הצפון,North,,data.gov.il,true
460,locality,460,,רמת רזיאל,RAMAT RAZI'EL,ירושלים,Jerusalem,,data.gov.il,true
462,locality,462,,טל שחר,TAL SHAHAR,ירושלים,Jerusalem,,data.gov.il,true
463,locality,463,,געתון,GA'TON,הצפון,North,,data.gov.il,true
464,locality,464,,הראל,HAR'EL,ירושלים,Jerusalem,,data.gov.il,true
465,locality,465,,צובה,ZOVA,ירושלים,Jerusalem,,data.gov.il,true
466,locality,466,,בית דגן,BET DAGAN,המרכז,Center,,data.gov.il,true
469,locality,469,,קרית עקרון,QIRYAT EQRON,המרכז,Center,,data.gov.il,true
47,locality,47,,כפר תבור,KEFAR TAVOR,הצפון,North,,data.gov.il,true
4701,locality,4701,,רמת מגשימים,RAMAT MAGSHIMIM,הצפון,North,,data.gov.il,true
4702,locality,4702,,רמות,RAMOT,הצפון,North,,data.gov.il,true
472,locality,472,,אבו גוש,ABU GHOSH,ירושלים,Jerusalem,,data.gov.il,true
473,locality,473,,אבו סנאן,ABU SINAN,הצפון,North,,data.gov.il,true
475,locality,475,,דחי,DAHI,הצפון,North,,data.gov.il,true
478,locality,478,,אכסאל,IKSAL,הצפון,North,,data.gov.il,true
48,locality,48,,מנחמיה,MENAHEMYA,הצפון,North,,data.gov.il,true
480,locality,480,,בית ג'ן,BEIT JANN,הצפון,North,,data.gov.il,true
481,locality,481,,מגאר,MUGHAR,הצפון,North,,data.gov.il,true
482,locality,482,,בועיינה-נוג'ידאת,BU'EINE-NUJEIDAT,הצפון,North,,data.gov.il,true
483,locality,483,,בענה,BI NE,הצפון,North,,data.gov.il,true
485,locality,485,,ג'ולס,JULIS,הצפון,North,,data.gov.il,true
487,locality,487,,ג'ש (גוש חלב),JISH(GUSH HALAV),הצפון,North,,data.gov.il,true
489,locality,489,,דבוריה,DABBURYE,הצפון,North,,data.gov.il,true
49,locality,49,,אילניה,ILANIYYA,הצפון,North,,data.gov.il,true
490,locality,490,,דייר אל-אסד,DEIR AL-ASAD,הצפון,North,,data.gov.il,true
492,locality,492,,דייר חנא,DEIR HANNA,הצפון,North,,data.gov.il,true
493,locality,493,,דייר ראפאת,DEIR RAFAT,ירושלים,Jerusalem,,data.gov.il,true
494,locality,494,,דאלית אל-כרמל,DALIYAT AL-KARMEL,חיפה,Haifa,,data.gov.il,true
496,locality,496,,חורפיש,HURFEISH,הצפון,North,,data.gov.il,true
497,locality,497,,טייבה (בעמק),TAYIBE(BAEMEQ),הצפון,North,,data.gov.il,true
498,locality,498,,טורעאן,TUR'AN,הצפון,North,,data.gov.il,true
499,locality,499,,יפיע,YAFI,הצפון,North,,data.gov.il,true
5000,locality,5000,,תל אביב - יפו,TEL AVIV - YAFO,תל אביב,Tel Aviv,,data.gov.il,true
502,locality,502,,ירכא,YIRKA,הצפון,North,,data.gov.il,true
504,locality,504,,כאבול,KABUL,הצפון,North,,data.gov.il,true
505,locality,505,,כאוכב אבו אל-היג'א,KAOKAB ABU AL-HIJA,הצפון,North,,data.gov.il,true
507,locality,507,,כפר יאסיף,KAFAR YASIF,הצפון,North,,data.gov.il,true
508,locality,508,,כפר כמא,KAFAR KAMA,הצפון,North,,data.gov.il,true
509,locality,509,,כפר כנא,KAFAR KANNA,הצפון,North,,data.gov.il,true
510,locality,510,,כפר מנדא,KAFAR MANDA,הצפון,North,,data.gov.il,true
511,locality,511,,עילוט,ILUT,הצפון,North,,data.gov.il,true
512,locality,512,,כפר מצר,KAFAR MISR,הצפון,North,,data.gov.il,true
514,locality,514,,עין ראפה,EIN RAFA,ירושלים,Jerusalem,,data.gov.il,true
516,locality,516,,מג'ד אל-כרום,MAJD AL-KURUM,הצפון,North,,data.gov.il,true
517,locality,517,,מזרעה,MAZRA'A,הצפון,North,,data.gov.il,true
518,locality,518,,מעיליא,MI'ELYA,הצפון,North,,data.gov.il,true
52,locality,52,,לוזית,LUZIT,ירושלים,Jerusalem,,data.gov.il,true
520,locality,520,,משהד,MESHHED,הצפון,North,,data.gov.il,true
521,locality,521,,עין נקובא,EIN NAQQUBA,ירושלים,Jerusalem,,data.gov.il,true
522,locality,522,,נחף,NAHEF,הצפון,North,,data.gov.il,true
523,locality,523,,ניין,NEIN,הצפון,North,,data.gov.il,true
524,locality,524,,נאעורה,NA'URA,הצפון,North,,data.gov.il,true
525,locality,525,,סאג'ור,SAJUR,הצפון,North,,data.gov.il,true
526,locality,526,,סולם,SULAM,הצפון,North,,data.gov.il,true
527,locality,527,,שזור,SHEZOR,הצפון,North,,data.gov.il,true
528,locality,528,,עוזייר,UZEIR,הצפון,North,,data.gov.il,true
529,locality,529,,אעבלין,I'BILLIN,הצפון,North,,data.gov.il,true
53,locality,53,,עתלית,ATLIT,חיפה,Haifa,,data.gov.il,true
530,locality,530,,עיילבון,EILABUN,הצפון,North,,data.gov.il,true
531,locality,531,,עראבה,ARRABE,הצפון,North,,data.gov.il,true
532,locality,532,,עין מאהל,EIN MAHEL,הצפון,North,,data.gov.il,true
534,locality,534,,עספיא,ISIFYA,חיפה,Haifa,,data.gov.il,true
535,locality,535,,פסוטה,FASSUTA,הצפון,North,,data.gov.il,true
536,locality,536,,פקיעין (בוקייעה),PEQI'IN (BUQEI'A),הצפון,North,,data.gov.il,true
537,locality,537,,פוריידיס,FUREIDIS,חיפה,Haifa,,data.gov.il,true
538,locality,538,,שעב,SHA'AB,הצפון,North,,data.gov.il,true
539,locality,539,,רומאנה,RUMMANE,הצפון,North,,data.gov.il,true
540,locality,540,,ריחאניה,REIHANIYYE,הצפון,North,,data.gov.il,true
541,locality,541,,ג'סר א-זרקא,JISR AZ-ZARQA,חיפה,Haifa,,data.gov.il,true
542,locality,542,,ריינה,REINE,הצפון,North,,data.gov.il,true
543,locality,543,,ראמה,RAME,הצפון,North,,data.gov.il,true
546,locality,546,,עין אל-אסד,EIN AL-ASAD,הצפון,North,,data.gov.il,true
547,locality,547,,טמרה (יזרעאל),TAMRA (YIZRE'EL),הצפון,North,,data.gov.il,true
549,locality,549,,גנות הדר,GANNOT HADAR,המרכז,Center,,data.gov.il,true
55,locality,55,,נוגה,NOGAH,הדרום,South,,data.gov.il,true
553,locality,553,,ניר בנים,NIR BANIM,הדרום,South,,data.gov.il,true
555,locality,555,,שדמה,SHEDEMA,המרכז,Center,,data.gov.il,true
559,locality,559,,בוסתן הגליל,BUSTAN HAGALIL,הצפון,North,,data.gov.il,true
562,locality,562,,בית אלעזרי,BET EL'AZARI,המרכז,Center,,data.gov.il,true
563,locality,563,,משמר דוד,MISHMAR DAWID,המרכז,Center,,data.gov.il,true
564,locality,564,,רבדים,REVADIM,הדרום,South,,data.gov.il,true
565,locality,565,,אזור,AZOR,תל אביב,Tel Aviv,,data.gov.il,true
566,locality,566,,גבעת שמש,GIV'AT SHEMESH,ירושלים,Jerusalem,,data.gov.il,true
567,locality,567,,צרעה,ZOR'A,ירושלים,Jerusalem,,data.gov.il,true
57,locality,57,,כנרת (קבוצה),KINNERET(QEVUZA),הצפון,North,,data.gov.il,true
570,locality,570,,מעונה,ME'ONA,הצפון,North,,data.gov.il,true
571,locality,571,,בית גמליאל,BET GAMLI'EL,המרכז,Center,,data.gov.il,true
572,locality,572,,בית העמק,BET HAEMEQ,הצפון,North,,data.gov.il,true
573,locality,573,,מבקיעים,MAVQI'IM,הדרום,South,,data.gov.il,true
574,locality,574,,גשר הזיו,GESHER HAZIW,הצפון,North,,data.gov.il,true
575,locality,575,,יסעור,YAS'UR,הצפון,North,,data.gov.il,true
576,locality,576,,כברי,KABRI,הצפון,North,,data.gov.il,true
577,locality,577,,יד בנימין,YAD BINYAMIN,המרכז,Center,,data.gov.il,true
578,locality,578,,סאסא,SASA,הצפון,North,,data.gov.il,true
579,locality,579,,כפר ראש הנקרה,KEFAR ROSH HANIQRA,הצפון,North,,data.gov.il,true
58,locality,58,,מצפה,MIZPA,הצפון,North,,data.gov.il,true
580,locality,580,,כרם מהרל,KEREM MAHARAL,חיפה,Haifa,,data.gov.il,true
582,locality,582,,כפר הנגיד,KEFAR HANAGID,המרכז,Center,,data.gov.il,true
584,locality,584,,זיקים,ZIQIM,הדרום,South,,data.gov.il,true
585,locality,585,,לביא,LAVI,הצפון,North,,data.gov.il,true
586,locality,586,,מגידו,MEGIDDO,הצפון,North,,data.gov.il,true
587,locality,587,,סביון,SAVYON,המרכז,Center,,data.gov.il,true
588,locality,588,,בני ראם,BENE RE'EM,המרכז,Center,,data.gov.il,true
589,locality,589,,בצת,BEZET,הצפון,North,,data.gov.il,true
59,locality,59,,נחושה,NEHUSHA,ירושלים,Jerusalem,,data.gov.il,true
590,locality,590,,נווה אור,NEWE UR,הצפון,North,,data.gov.il,true
591,locality,591,,עשרת,ASERET,המרכז,Center,,data.gov.il,true
592,locality,592,,בני דרום,BENE DAROM,המרכז,Center,,data.gov.il,true
593,locality,593,,ערוגות,ARUGOT,הדרום,South,,data.gov.il,true
594,locality,594,,צפריה,ZAFRIYYA,המרכז,Center,,data.gov.il,true
595,locality,595,,לוחמי הגיטאות,LOHAME HAGETA'OT,הצפון,North,,data.gov.il,true
596,locality,596,,מלכיה,MALKIYYA,הצפון,North,,data.gov.il,true
597,locality,597,,פלמחים,PALMAHIM,המרכז,Center,,data.gov.il,true
598,locality,598,,בית קמה,BET QAMA,הדרום,South,,data.gov.il,true
599,locality,599,,פרוד,PAROD,הצפון,North,,data.gov.il,true
6000,locality,6000,,באקה אל-גרביה,BAQA AL-GHARBIYYE,חיפה,Haifa,,data.gov.il,true
602,locality,602,,נירים,NIRIM,הדרום,South,,data.gov.il,true
603,locality,603,,אלקוש,ELQOSH,הצפון,North,,data.gov.il,true
604,locality,604,,בית עריף,BET ARIF,המרכז,Center,,data.gov.il,true
605,locality,605,,כפר שמאי,KEFAR SHAMMAY,הצפון,North,,data.gov.il,true
606,locality,606,,מזור,MAZOR,המרכז,Center,,data.gov.il,true
607,locality,607,,מירון,MERON,הצפון,North,,data.gov.il,true
609,locality,609,,כפר חושן,KEFAR HOSHEN,הצפון,North,,data.gov.il,true
610,locality,610,,סתריה,SITRIYYA,המרכז,Center,,data.gov.il,true
6100,locality,6100,,בני ברק,BENE BERAQ,תל אביב,Tel Aviv,,data.gov.il,true
612,locality,612,,צרופה,ZERUFA,חיפה,Haifa,,data.gov.il,true
613,locality,613,,ציפורי,ZIPPORI,הצפון,North,,data.gov.il,true
614,locality,614,,שומרה,SHOMERA,הצפון,North,,data.gov.il,true
615,locality,615,,קדרון,QIDRON,המרכז,Center,,data.gov.il,true
616,locality,616,,רינתיה,RINNATYA,המרכז,Center,,data.gov.il,true
617,locality,617,,ברקאי,BARQAY,חיפה,Haifa,,data.gov.il,true
618,locality,618,,חדיד,HADID,המרכז,Center,,data.gov.il,true
619,locality,619,,בית גוברין,BET GUVRIN,הדרום,South,,data.gov.il,true
62,locality,62,,דגניה א',DEGANYA ALEF,הצפון,North,,data.gov.il,true
620,locality,620,,משואות יצחק,MASSUOT YIZHAQ,הדרום,South,,data.gov.il,true
6200,locality,6200,,בת ים,BAT YAM,תל אביב,Tel Aviv,,data.gov.il,true
622,locality,622,,עין צורים,EN ZURIM,הדרום,South,,data.gov.il,true
623,locality,623,,יראון,YIR'ON,הצפון,North,,data.gov.il,true
627,locality,627,,ג'לג'וליה,JALJULYE,המרכז,Center,,data.gov.il,true
628,locality,628,,ג'ת,JAAT,חיפה,Haifa,,data.gov.il,true
63,locality,63,,כנרת (מושבה),KINNERET(MOSHAVA),הצפון,North,,data.gov.il,true
6300,locality,6300,,גבעתיים,GIV'ATAYIM,תל אביב,Tel Aviv,,data.gov.il,true
633,locality,633,,כפר ברא,KAFAR BARA,המרכז,Center,,data.gov.il,true
634,locality,634,,כפר קאסם,KAFAR QASEM,המרכז,Center,,data.gov.il,true
635,locality,635,,מוקייבלה,MUQEIBLE,הצפון,North,,data.gov.il,true
636,locality,636,,צנדלה,SANDALA,הצפון,North,,data.gov.il,true
637,locality,637,,ערערה,AR'ARA,חיפה,Haifa,,data.gov.il,true
638,locality,638,,קלנסווה,QALANSAWE,המרכז,Center,,data.gov.il,true
64,locality,64,,יד רמבם,YAD RAMBAM,המרכז,Center,,data.gov.il,true
6400,locality,6400,,הרצליה,HERZELIYYA,תל אביב,Tel Aviv,,data.gov.il,true
648,locality,648,,מצר,MEZER,חיפה,Haifa,,data.gov.il,true
649,locality,649,,מייסר,MEISER,חיפה,Haifa,,data.gov.il,true
65,locality,65,,מגדל,MIGDAL,הצפון,North,,data.gov.il,true
6500,locality,6500,,חדרה,HADERA,חיפה,Haifa,,data.gov.il,true
652,locality,652,,אבטין,IBTIN,חיפה,Haifa,,data.gov.il,true
654,locality,654,,כפר קרע,KAFAR QARA,חיפה,Haifa,,data.gov.il,true
658,locality,658,,שייח' דנון,SHEIKH DANNUN,הצפון,North,,data.gov.il,true
66,locality,66,,מרחביה (קיבוץ),MERHAVYA(QIBBUZ),הצפון,North,,data.gov.il,true
6600,locality,6600,,חולון,HOLON,תל אביב,Tel Aviv,,data.gov.il,true
661,locality,661,,שער אפרים,SHA'AR EFRAYIM,המרכז,Center,,data.gov.il,true
662,locality,662,,חוסן,HOSEN,הצפון,North,,data.gov.il,true
663,locality,663,,טירת יהודה,TIRAT YEHUDA,המרכז,Center,,data.gov.il,true
664,locality,664,,כרם בן זמרה,KEREM BEN ZIMRA,הצפון,North,,data.gov.il,true
665,locality,665,,תקומה,TEQUMA,הדרום,South,,data.gov.il,true
666,locality,666,,עומר,OMER,הדרום,South,,data.gov.il,true
667,locality,667,,ברעם,BAR'AM,הצפון,North,,data.gov.il,true
668,locality,668,,מפלסים,MEFALLESIM,הדרום,South,,data.gov.il,true
67,locality,67,,אור הנר,OR HANER,הדרום,South,,data.gov.il,true
670,locality,670,,משמר איילון,MISHMAR AYYALON,המרכז,Center,,data.gov.il,true
6700,locality,6700,,טבריה,TIBERIAS,הצפון,North,,data.gov.il,true
672,locality,672,,בית נקופה,BET NEQOFA,ירושלים,Jerusalem,,data.gov.il,true
673,locality,673,,כפר טרומן,KEFAR TRUMAN,המרכז,Center,,data.gov.il,true
674,locality,674,,לימן,LIMAN,הצפון,North,,data.gov.il,true
675,locality,675,,הבונים,HABONIM,חיפה,Haifa,,data.gov.il,true
676,locality,676,,עין השלושה,EN HASHELOSHA,הדרום,South,,data.gov.il,true
677,locality,677,,הסוללים,HASOLELIM,הצפון,North,,data.gov.il,true
678,locality,678,,מעגן,MA'AGAN,הצפון,North,,data.gov.il,true
679,locality,679,,אביאל,AVI'EL,חיפה,Haifa,,data.gov.il,true
680,locality,680,,אומץ,OMEZ,המרכז,Center,,data.gov.il,true
6800,locality,6800,,קרית אתא,QIRYAT ATTA,חיפה,Haifa,,data.gov.il,true
681,locality,681,,גבעת שמואל,GIV'AT SHEMU'EL,המרכז,Center,,data.gov.il,true
682,locality,682,,אליקים,ELYAQIM,הצפון,North,,data.gov.il,true
683,locality,683,,גבע כרמל,GEVA KARMEL,חיפה,Haifa,,data.gov.il,true
684,locality,684,,היוגב,HAYOGEV,הצפון,North,,data.gov.il,true
685,locality,685,,בניה,BENAYA,המרכז,Center,,data.gov.il,true
686,locality,686,,נווה ימין,NEWE YAMIN,המרכז,Center,,data.gov.il,true
687,locality,687,,עין איילה,EN AYYALA,חיפה,Haifa,,data.gov.il,true
688,locality,688,,עלמה,ALMA,הצפון,North,,data.gov.il,true
689,locality,689,,מגדים,MEGADIM,חיפה,Haifa,,data.gov.il,true
69,locality,69,,ניר עוז,NIR OZ,הדרום,South,,data.gov.il,true
690,locality,690,,כפר אחים,KEFAR AHIM,הדרום,South,,data.gov.il,true
6900,locality,6900,,כפר סבא,KEFAR SAVA,המרכז,Center,,data.gov.il,true
692,locality,692,,שפיר,SHAFIR,הדרום,South,,data.gov.il,true
693,locality,693,,נתיב הלה,NETIV HALAMED-HE,ירושלים,Jerusalem,,data.gov.il,true
694,locality,694,,מעגן מיכאל,MA'AGAN MIKHA'EL,חיפה,Haifa,,data.gov.il,true
695,locality,695,,מגן,MAGEN,הדרום,South,,data.gov.il,true
696,locality,696,,כפר חבד,KEFAR HABAD,המרכז,Center,,data.gov.il,true
697,locality,697,,בארותיים,BE'EROTAYIM,המרכז,Center,,data.gov.il,true
698,locality,698,,בורגתה,BURGETA,המרכז,Center,,data.gov.il,true
699,locality,699,,ניר ישראל,NIR YISRA'EL,הדרום,South,,data.gov.il,true
7,locality,7,,שחר,SHAHAR,הדרום,South,,data.gov.il,true
70,locality,70,,אשדוד,ASHDOD,הדרום,South,,data.gov.il,true
700,locality,700,,חצב,HAZAV,הדרום,South,,data.gov.il,true
7000,locality,7000,,לוד,LOD,המרכז,Center,,data.gov.il,true
701,locality,701,,ארבל,ARBEL,הצפון,North,,data.gov.il,true
702,locality,702,,האון,HAON,הצפון,North,,data.gov.il,true
703,locality,703,,גבעת עוז,GIV'AT OZ,הצפון,North,,data.gov.il,true
705,locality,705,,נחשונים,NAHSHONIM,המרכז,Center,,data.gov.il,true
706,locality,706,,גיאה,GE'A,הדרום,South,,data.gov.il,true
707,locality,707,,כפר דניאל,KEFAR DANIYYEL,המרכז,Center,,data.gov.il,true
708,locality,708,,עמקה,AMQA,הצפון,North,,data.gov.il,true
709,locality,709,,תפרח,TIFRAH,הדרום,South,,data.gov.il,true
71,locality,71,,אשבול,ESHBOL,הדרום,South,,data.gov.il,true
710,locality,710,,בית זית,BET ZAYIT,ירושלים,Jerusalem,,data.gov.il,true
7100,locality,7100,,אשקלון,ASHQELON,הדרום,South,,data.gov.il,true
711,locality,711,,עזריה,AZARYA,המרכז,Center,,data.gov.il,true
712,locality,712,,בן עמי,BEN AMMI,הצפון,North,,data.gov.il,true
713,locality,713,,רעים,RE'IM,הדרום,South,,data.gov.il,true
714,locality,714,,ארז,EREZ,הדרום,South,,data.gov.il,true
715,locality,715,,להבות חביבה,LAHAVOT HAVIVA,חיפה,Haifa,,data.gov.il,true
716,locality,716,,אייל,EYAL,המרכז,Center,,data.gov.il,true
717,locality,717,,חגור,HAGOR,המרכז,Center,,data.gov.il,true
718,locality,718,,ירחיב,YARHIV,המרכז,Center,,data.gov.il,true
719,locality,719,,תל קציר,TEL QAZIR,הצפון,North,,data.gov.il,true
72,locality,72,,גן שמואל,GAN SHEMU'EL,חיפה,Haifa,,data.gov.il,true
720,locality,720,,ניר גלים,NIR GALLIM,המרכז,Center,,data.gov.il,true
7200,locality,7200,,נס ציונה,NES ZIYYONA,המרכז,Center,,data.gov.il,true
721,locality,721,,שדה אילן,SEDE ILAN,הצפון,North,,data.gov.il,true
722,locality,722,,מגשימים,MAGSHIMIM,המרכז,Center,,data.gov.il,true
723,locality,723,,בית הגדי,BET HAGADDI,הדרום,South,,data.gov.il,true
726,locality,726,,הודיה,HODIYYA,הדרום,South,,data.gov.il,true
727,locality,727,,תלמי יחיאל,TALME YEHI'EL,הדרום,South,,data.gov.il,true
729,locality,729,,משמר השבעה,MISHMAR HASHIV'A,המרכז,Center,,data.gov.il,true
730,locality,730,,אליפלט,ELIFELET,הצפון,North,,data.gov.il,true
7300,locality,7300,,נצרת,NAZARETH,הצפון,North,,data.gov.il,true
731,locality,731,,מישר,MESHAR,המרכז,Center,,data.gov.il,true
732,locality,732,,משמר הירדן,MISHMAR HAYARDEN,הצפון,North,,data.gov.il,true
734,locality,734,,גן יאשיה,GAN YOSHIYYA,המרכז,Center,,data.gov.il,true
735,locality,735,,רמות מאיר,RAMOT ME'IR,המרכז,Center,,data.gov.il,true
736,locality,736,,גילת,GILAT,הדרום,South,,data.gov.il,true
737,locality,737,,עולש,OLESH,המרכז,Center,,data.gov.il,true
738,locality,738,,דור,DOR,חיפה,Haifa,,data.gov.il,true
739,locality,739,,שדה עוזיהו,SEDE UZZIYYAHU,הדרום,South,,data.gov.il,true
74,locality,74,,עין הוד,EN HOD,חיפה,Haifa,,data.gov.il,true
740,locality,740,,אשתאול,ESHTA'OL,ירושלים,Jerusalem,,data.gov.il,true
7400,locality,7400,,נתניה,NETANYA,המרכז,Center,,data.gov.il,true
741,locality,741,,שואבה,SHO'EVA,ירושלים,Jerusalem,,data.gov.il,true
742,locality,742,,מסילת ציון,MESILLAT ZIYYON,ירושלים,Jerusalem,,data.gov.il,true
743,locality,743,,כפר שמואל,KEFAR SHEMU'EL,המרכז,Center,,data.gov.il,true
744,locality,744,,תלמי יפה,TALME YAFE,הדרום,South,,data.gov.il,true
745,locality,745,,גמזו,GIMZO,המרכז,Center,,data.gov.il,true
746,locality,746,,ברכיה,BEREKHYA,הדרום,South,,data.gov.il,true
747,locality,747,,בית שקמה,BET SHIQMA,הדרום,South,,data.gov.il,true
748,locality,748,,מסלול,MASLUL,הדרום,South,,data.gov.il,true
749,locality,749,,פטיש,PATTISH,הדרום,South,,data.gov.il,true
750,locality,750,,פדויים,PEDUYIM,הדרום,South,,data.gov.il,true
7500,locality,7500,,סח'נין,SAKHNIN,הצפון,North,,data.gov.il,true
751,locality,751,,בית מאיר,BET ME'IR,ירושלים,Jerusalem,,data.gov.il,true
752,locality,752,,תעוז,TA'OZ,ירושלים,Jerusalem,,data.gov.il,true
753,locality,753,,ינוב,YANUV,המרכז,Center,,data.gov.il,true
755,locality,755,,גורן,GOREN,הצפון,North,,data.gov.il,true
756,locality,756,,בית עזרא,BET EZRA,הדרום,South,,data.gov.il,true
757,locality,757,,מצליח,MAZLIAH,המרכז,Center,,data.gov.il,true
758,locality,758,,יד חנה,YAD HANNA,המרכז,Center,,data.gov.il,true
759,locality,759,,יציץ,YAZIZ,המרכז,Center,,data.gov.il,true
76,locality,76,,כפר גלעדי,KEFAR GIL'ADI,הצפון,North,,data.gov.il,true
760,locality,760,,בן זכאי,BEN ZAKKAY,המרכז,Center,,data.gov.il,true
7600,locality,7600,,עכו,AKKO,הצפון,North,,data.gov.il,true
761,locality,761,,שובה,SHUVA,הדרום,South,,data.gov.il,true
762,locality,762,,בטחה,BITHA,הדרום,South,,data.gov.il,true
763,locality,763,,שתולים,SHETULIM,הדרום,South,,data.gov.il,true
764,locality,764,,כפר מרדכי,KEFAR MORDEKHAY,המרכז,Center,,data.gov.il,true
765,locality,765,,משגב דב,MISGAV DOV,המרכז,Center,,data.gov.il,true
766,locality,766,,קוממיות,QOMEMIYYUT,הדרום,South,,data.gov.il,true
767,locality,767,,פורת,PORAT,המרכז,Center,,data.gov.il,true
768,locality,768,,כרמיה,KARMIYYA,הדרום,South,,data.gov.il,true
769,locality,769,,ניר עציון,NIR EZYON,חיפה,Haifa,,data.gov.il,true
77,locality,77,,איילת השחר,AYYELET HASHAHAR,הצפון,North,,data.gov.il,true
7700,locality,7700,,עפולה,AFULA,הצפון,North,,data.gov.il,true
771,locality,771,,מבוא ביתר,MEVO BETAR,ירושלים,Jerusalem,,data.gov.il,true
772,locality,772,,אמונים,EMUNIM,הדרום,South,,data.gov.il,true
773,locality,773,,עמיקם,AMMIQAM,חיפה,Haifa,,data.gov.il,true
774,locality,774,,צוריאל,ZURI'EL,הצפון,North,,data.gov.il,true
775,locality,775,,יד נתן,YAD NATAN,הדרום,South,,data.gov.il,true
776,locality,776,,מחסיה,MAHSEYA,ירושלים,Jerusalem,,data.gov.il,true
777,locality,777,,נחשון,NAHSHON,ירושלים,Jerusalem,,data.gov.il,true
778,locality,778,,תרום,TARUM,ירושלים,Jerusalem,,data.gov.il,true
779,locality,779,,עמינדב,AMMINADAV,ירושלים,Jerusalem,,data.gov.il,true
78,locality,78,,קרית ענבים,QIRYAT ANAVIM,ירושלים,Jerusalem,,data.gov.il,true
780,locality,780,,אורה,ORA,ירושלים,Jerusalem,,data.gov.il,true
7800,locality,7800,,פרדס חנה-כרכור,PARDES HANNA-KARKUR,חיפה,Haifa,,data.gov.il,true
783,locality,783,,אבן ספיר,EVEN SAPPIR,ירושלים,Jerusalem,,data.gov.il,true
784,locality,784,,בית נחמיה,BET NEHEMYA,המרכז,Center,,data.gov.il,true
785,locality,785,,אחיהוד,AHIHUD,הצפון,North,,data.gov.il,true
786,locality,786,,כפר זיתים,KEFAR ZETIM,הצפון,North,,data.gov.il,true
787,locality,787,,גבעת יערים,GIV'AT YE'ARIM,ירושלים,Jerusalem,,data.gov.il,true
788,locality,788,,זיתן,ZETAN,המרכז,Center,,data.gov.il,true
789,locality,789,,רנן,RANNEN,הדרום,South,,data.gov.il,true
79,locality,79,,דגניה ב',DEGANYA BET,הצפון,North,,data.gov.il,true
7900,locality,7900,,פתח תקווה,PETAH TIQWA,המרכז,Center,,data.gov.il,true
791,locality,791,,משען,MASH'EN,הדרום,South,,data.gov.il,true
792,locality,792,,נתיב השיירה,NETIV HASHAYYARA,הצפון,North,,data.gov.il,true
793,locality,793,,גבעתי,GIV'ATI,הדרום,South,,data.gov.il,true
794,locality,794,,עגור,AGUR,ירושלים,Jerusalem,,data.gov.il,true
795,locality,795,,יערה,YA'ARA,הצפון,North,,data.gov.il,true
796,locality,796,,צלפון,ZELAFON,ירושלים,Jerusalem,,data.gov.il,true
797,locality,797,,אחיעזר,AHI'EZER,המרכז,Center,,data.gov.il,true
798,locality,798,,יגל,YAGEL,המרכז,Center,,data.gov.il,true
799,locality,799,,זכריה,ZEKHARYA,ירושלים,Jerusalem,,data.gov.il,true
80,locality,80,,נהלל,NAHALAL,הצפון,North,,data.gov.il,true
800,locality,800,,בית חנניה,BET HANANYA,חיפה,Haifa,,data.gov.il,true
8000,locality,8000,,צפת,ZEFAT,הצפון,North,,data.gov.il,true
801,locality,801,,חמד,HEMED,המרכז,Center,,data.gov.il,true
802,locality,802,,גבעת כח,GIV'AT KOAH,המרכז,Center,,data.gov.il,true
803,locality,803,,יושיביה,YOSHIVYA,הדרום,South,,data.gov.il,true
804,locality,804,,אחיסמך,AHISAMAKH,המרכז,Center,,data.gov.il,true
805,locality,805,,ישעי,YISH'I,ירושלים,Jerusalem,,data.gov.il,true
806,locality,806,,עין יהב,EN YAHAV,הדרום,South,,data.gov.il,true
807,locality,807,,חניאל,HANNI'EL,המרכז,Center,,data.gov.il,true
808,locality,808,,ניר אליהו,NIR ELIYYAHU,המרכז,Center,,data.gov.il,true
809,locality,809,,נחם,NAHAM,ירושלים,Jerusalem,,data.gov.il,true
810,locality,810,,עופר,OFER,חיפה,Haifa,,data.gov.il,true
811,locality,811,,יכיני,YAKHINI,הדרום,South,,data.gov.il,true
812,locality,812,,שלומי,SHELOMI,הצפון,North,,data.gov.il,true
813,locality,813,,עין יעקב,EN YA'AQOV,הצפון,North,,data.gov.il,true
814,locality,814,,תלמים,TELAMIM,הדרום,South,,data.gov.il,true
815,locality,815,,זבדיאל,ZAVDI'EL,הדרום,South,,data.gov.il,true
816,locality,816,,זנוח,ZANOAH,ירושלים,Jerusalem,,data.gov.il,true
817,locality,817,,עזריקם,AZRIQAM,הדרום,South,,data.gov.il,true
818,locality,818,,זרחיה,ZERAHYA,הדרום,South,,data.gov.il,true
819,locality,819,,אביגדור,AVIGEDOR,הדרום,South,,data.gov.il,true
82,locality,82,,עין חרוד (מאוחד),EN HAROD(ME'UHAD),הצפון,North,,data.gov.il,true
820,locality,820,,חלץ,HELEZ,הדרום,South,,data.gov.il,true
8200,locality,8200,,קרית מוצקין,QIRYAT MOTZKIN,חיפה,Haifa,,data.gov.il,true
821,locality,821,,אחוזם,AHUZZAM,הדרום,South,,data.gov.il,true
822,locality,822,,מטע,MATTA,ירושלים,Jerusalem,,data.gov.il,true
823,locality,823,,בר גיורא,BAR GIYYORA,ירושלים,Jerusalem,,data.gov.il,true
824,locality,824,,כוכב מיכאל,KOKHAV MIKHA'EL,הדרום,South,,data.gov.il,true
825,locality,825,,נס הרים,NES HARIM,ירושלים,Jerusalem,,data.gov.il,true
826,locality,826,,עוזה,UZA,הדרום,South,,data.gov.il,true
827,locality,827,,נווה מבטח,NEWE MIVTAH,הדרום,South,,data.gov.il,true
828,locality,828,,ישרש,YASHRESH,המרכז,Center,,data.gov.il,true
829,locality,829,,מבטחים,MIVTAHIM,הדרום,South,,data.gov.il,true
8300,locality,8300,,ראשון לציון,RISHON LEZIYYON,המרכז,Center,,data.gov.il,true
831,locality,831,,ירוחם,YEROHAM,הדרום,South,,data.gov.il,true
833,locality,833,,נורית,NURIT,הצפון,North,,data.gov.il,true
836,locality,836,,גנות,GANNOT,המרכז,Center,,data.gov.il,true
837,locality,837,,עזריאל,AZRI'EL,המרכז,Center,,data.gov.il,true
838,locality,838,,פדיה,PEDAYA,המרכז,Center,,data.gov.il,true
839,locality,839,,פתחיה,PETAHYA,המרכז,Center,,data.gov.il,true
84,locality,84,,תל יוסף,TEL YOSEF,הצפון,North,,data.gov.il,true
840,locality,840,,כיסופים,KISSUFIM,הדרום,South,,data.gov.il,true
8400,locality,8400,,רחובות,REHOVOT,המרכז,Center,,data.gov.il,true
841,locality,841,,אלישמע,ELISHAMA,המרכז,Center,,data.gov.il,true
842,locality,842,,געש,GA'ASH,המרכז,Center,,data.gov.il,true
843,locality,843,,מרגליות,MARGALIYYOT,הצפון,North,,data.gov.il,true
844,locality,844,,נחל עוז,NAHAL OZ,הדרום,South,,data.gov.il,true
845,locality,845,,כפר עזה,KEFAR AZZA,הדרום,South,,data.gov.il,true
846,locality,846,,שפר,SHEFER,הצפון,North,,data.gov.il,true
848,locality,848,,בית רבן,BET RABBAN,המרכז,Center,,data.gov.il,true
849,locality,849,,דביר,DVIR,הדרום,South,,data.gov.il,true
85,locality,85,,כפר יחזקאל,KEFAR YEHEZQEL,הצפון,North,,data.gov.il,true
850,locality,850,,אחיטוב,AHITUV,המרכז,Center,,data.gov.il,true
8500,locality,8500,,רמלה,RAMLA,המרכז,Center,,data.gov.il,true
851,locality,851,,ניצני עוז,NIZZANE OZ,המרכז,Center,,data.gov.il,true
852,locality,852,,גונן,GONEN,הצפון,North,,data.gov.il,true
853,locality,853,,גאליה,GE'ALYA,המרכז,Center,,data.gov.il,true
854,locality,854,,רחוב,REHOV,הצפון,North,,data.gov.il,true
856,locality,856,,שעלבים,SHA'ALVIM,המרכז,Center,,data.gov.il,true
857,locality,857,,כפר אביב,KEFAR AVIV,המרכז,Center,,data.gov.il,true
858,locality,858,,נווה ירק,NEWE YARAQ,המרכז,Center,,data.gov.il,true
859,locality,859,,כסלון,KESALON,ירושלים,Jerusalem,,data.gov.il,true
86,locality,86,,גבע,GEVA,הצפון,North,,data.gov.il,true
8600,locality,8600,,רמת גן,RAMAT GAN,תל אביב,Tel Aviv,,data.gov.il,true
861,locality,861,,שדה אליעזר,SEDE ELI'EZER,הצפון,North,,data.gov.il,true
862,locality,862,,גני יוחנן,GANNE YOHANAN,המרכז,Center,,data.gov.il,true
863,locality,863,,גינתון,GINNATON,המרכז,Center,,data.gov.il,true
864,locality,864,,בקוע,BEQOA,ירושלים,Jerusalem,,data.gov.il,true
865,locality,865,,שיבולים,SHIBBOLIM,הדרום,South,,data.gov.il,true
866,locality,866,,יטבתה,YOTVATA,הדרום,South,,data.gov.il,true
868,locality,868,,אלוני יצחק,ALLONE YIZHAQ,חיפה,Haifa,,data.gov.il,true
870,locality,870,,גבעת השלושה,GIV'AT HASHELOSHA,המרכז,Center,,data.gov.il,true
8700,locality,8700,,רעננה,RA'ANANA,המרכז,Center,,data.gov.il,true
871,locality,871,,עינת,ENAT,המרכז,Center,,data.gov.il,true
872,locality,872,,גאולי תימן,GE'ULE TEMAN,המרכז,Center,,data.gov.il,true
873,locality,873,,שלווה,SHALWA,הדרום,South,,data.gov.il,true
874,locality,874,,מגדל העמק,MIGDAL HAEMEQ,הצפון,North,,data.gov.il,true
875,locality,875,,כפר עבודה,KEFAR AVODA,המרכז,Center,,data.gov.il,true
877,locality,877,,בית חירות,BET HERUT,המרכז,Center,,data.gov.il,true
88,locality,88,,כרם בן שמן,KEREM BEN SHEMEN,המרכז,Center,,data.gov.il,true
880,locality,880,,עין שריד,EN SARID,המרכז,Center,,data.gov.il,true
8800,locality,8800,,שפרעם,SHEFAR'AM,הצפון,North,,data.gov.il,true
882,locality,882,,אורנים,ORANIM,חיפה,Haifa,,data.gov.il,true
885,locality,885,,שדה בוקר,SEDE BOQER,הדרום,South,,data.gov.il,true
886,locality,886,,איתנים,ETANIM,ירושלים,Jerusalem,,data.gov.il,true
888,locality,888,,כפר הריף,KEFAR HARIF,הדרום,South,,data.gov.il,true
889,locality,889,,כפר חסידים ב',KEFAR HASIDIM BET,חיפה,Haifa,,data.gov.il,true
89,locality,89,,עין חרוד (איחוד),EN HAROD (IHUD),הצפון,North,,data.gov.il,true
890,locality,890,,כפר הנוער הדתי,KEFAR HANO'AR HADATI,חיפה,Haifa,,data.gov.il,true
8900,locality,8900,,טמרה,TAMRA,הצפון,North,,data.gov.il,true
892,locality,892,,עבדון,AVDON,הצפון,North,,data.gov.il,true
897,locality,897,,מדרשת רופין,MIDRESHET RUPPIN,המרכז,Center,,data.gov.il,true
90,locality,90,,חפצי-בה,HEFZI-BAH,הצפון,North,,data.gov.il,true
9000,locality,9000,,באר שבע,BE'ER SHEVA,הדרום,South,,data.gov.il,true
9100,locality,9100,,נהריה,NAHARIYYA,הצפון,North,,data.gov.il,true
913,locality,913,,שבלי - אום אל-גנם,SHIBLI,הצפון,North,,data.gov.il,true
916,locality,916,,ישע,YESHA,הדרום,South,,data.gov.il,true
917,locality,917,,עצמון שגב,ATSMON-SEGEV,הצפון,North,,data.gov.il,true
919,locality,919,,גבעת ישעיהו,GIV'AT YESHA'YAHU,ירושלים,Jerusalem,,data.gov.il,true
92,locality,92,,גיניגר,GINNEGAR,הצפון,North,,data.gov.il,true
9200,locality,9200,,בית שאן,BET SHE'AN,הצפון,North,,data.gov.il,true
921,locality,921,,שער מנשה,SHA'AR MENASHE,חיפה,Haifa,,data.gov.il,true
922,locality,922,,רכסים,REKHASIM,חיפה,Haifa,,data.gov.il,true
926,locality,926,,נווה אבות,NEWE AVOT,חיפה,Haifa,,data.gov.il,true
9300,locality,9300,,זכרון יעקב,ZIKHRON YA'AQOV,חיפה,Haifa,,data.gov.il,true
932,locality,932,,אבו עמרה (שבט),ABU AMRE,הדרום,South,,data.gov.il,true
935,locality,935,,אבו סריחאן (שבט),ABU SUREIHAN,הדרום,South,,data.gov.il,true
939,locality,939,,מסעודין אל-עזאזמה,MAS'UDIN AL-'AZAZME,הדרום,South,,data.gov.il,true
94,locality,94,,בלפוריה,BALFURIYYA,הצפון,North,,data.gov.il,true
9400,locality,9400,,יהוד-מונוסון,YEHUD-MONOSON,המרכז,Center,,data.gov.il,true
942,locality,942,,סואעד (חמירה),SAWA'ID (HUMAYRA),הצפון,North,,data.gov.il,true
944,locality,944,,בסמת טבעון,BASMAT TAB'UN,הצפון,North,,data.gov.il,true
948,locality,948,,חוג'ייראת (ד'הרה),HUJEIRAT (DAHRA),הצפון,North,,data.gov.il,true
95,locality,95,,בית אלפא,BET ALFA,הצפון,North,,data.gov.il,true
9500,locality,9500,,קרית ביאליק,QIRYAT BIALIK,חיפה,Haifa,,data.gov.il,true
956,locality,956,,הוזייל (שבט),HUZAYYEL,הדרום,South,,data.gov.il,true
957,locality,957,,עוקבי (בנו עוקבה),UQBI (BANU UQBA),הדרום,South,,data.gov.il,true
958,locality,958,,אבו עבדון (שבט),ABU ABDUN,הדרום,South,,data.gov.il,true
959,locality,959,,אפיניש (שבט),AFEINISH,הדרום,South,,data.gov.il,true
96,locality,96,,יגור,YAGUR,חיפה,Haifa,,data.gov.il,true
960,locality,960,,אסד (שבט),ASAD,הדרום,South,,data.gov.il,true
9600,locality,9600,,קרית ים,QIRYAT YAM,חיפה,Haifa,,data.gov.il,true
961,locality,961,,אבו רוקייק (שבט),ABU RUQAYYEQ,הדרום,South,,data.gov.il,true
962,locality,962,,טובא-זנגריה,TUBA-ZANGARIYYE,הצפון,North,,data.gov.il,true
963,locality,963,,אעצם (שבט),A'SAM,הדרום,South,,data.gov.il,true
964,locality,964,,קודייראת א-צאנע(שבט),QUDEIRAT AS-SANI,הדרום,South,,data.gov.il,true
965,locality,965,,אטרש (שבט),ATRASH,הדרום,South,,data.gov.il,true
966,locality,966,,אבו רובייעה (שבט),ABU RUBEI'A,הדרום,South,,data.gov.il,true
967,locality,967,,אבו ג'ווייעד (שבט),ABU JUWEI'ID,הדרום,South,,data.gov.il,true
968,locality,968,,אבו קורינאת (שבט),ABU QUREINAT,הדרום,South,,data.gov.il,true
969,locality,969,,עטאוונה (שבט),ATAWNE,הדרום,South,,data.gov.il,true
97,locality,97,,מרחביה (מושב),MERHAVYA(MOSHAV),הצפון,North,,data.gov.il,true
970,locality,970,,תראבין א-צאנע (שבט),TARABIN AS-SANI,הדרום,South,,data.gov.il,true
9700,locality,9700,,הוד השרון,HOD HASHARON,המרכז,Center,,data.gov.il,true
972,locality,972,,קוואעין (שבט),QAWA'IN,הדרום,South,,data.gov.il,true
975,locality,975,,זרזיר,ZARZIR,הצפון,North,,data.gov.il,true
976,locality,976,,ג'נאביב (שבט),JUNNABIB,הדרום,South,,data.gov.il,true
978,locality,978,,כעביה-טבאש-חג'אג'רה,KA'ABIYYE-TABBASH-HA,הצפון,North,,data.gov.il,true
98,locality,98,,כפר מלל,KEFAR MALAL,המרכז,Center,,data.gov.il,true
9800,locality,9800,,בנימינה-גבעת עדה,BINYAMINA,חיפה,Haifa,,data.gov.il,true
986,locality,986,,ח'ואלד (שבט),KHAWALED,הצפון,North,,data.gov.il,true
989,locality,989,,סואעד (כמאנה) (שבט),SAWA'ID (KAMANE),הצפון,North,,data.gov.il,true
99,locality,99,,מצפה רמון,MIZPE RAMON,הדרום,South,,data.gov.il,true
990,locality,990,,ראס עלי,RAS ALI,חיפה,Haifa,,data.gov.il,true
993,locality,993,,חמאם,HAMAM,הצפון,North,,data.gov.il,true
994,locality,994,,מנשית זבדה,MANSHIYYET ZABDA,הצפון,North,,data.gov.il,true
997,locality,997,,רומת הייב,RUMAT HEIB,הצפון,North,,data.gov.il,true
998,locality,998,,ביר אל-מכסור,BIR EL-MAKSUR,הצפון,North,,data.gov.il,true
